Avg_firing_dist,Avg_Srv_time,Avg_ping,Total_travel_dist,Avg_damage
264.22,19.06,96.79,6332.0,1788.88
366.66,24.42,96.67,6603.7,1750.92
259.54,16.37,97.5,6145.8,1838.12
183.23,13.52,97.31,6584.7,1869.24
299.71,19.74,97.82,6701.55,1818.88
396.3,14.88,96.15,4000.7,1746.08
250.44,13.61,97.43,4458.6,1863.52
161.39,12.53,97.3,8117.05,1904.76
170.88,12.94,97.19,6687.3,1851.44
206.76,12.5,97.45,6300.65,1821.56
181.8,13.36,97.12,8319.4,1894.08
309.98,18.28,96.87,7585.05,1787.28
323.37,21.74,96.41,8426.75,1727.16
354.57,15.25,96.26,3920.9,1774.56
175.17,13.6,97.02,8736.45,1902.8
211.05,14.35,97.1,9296.0,1856.52
90.54,12.7,97.74,6756.65,1984.36
100.16,12.33,98.29,7273.45,1909.48
343.78,19.72,97.0,7989.75,1773.96
315.57,15.02,96.86,5924.45,1772.32
277.35,13.97,96.86,6462.15,1806.56
143.06,12.39,96.88,5909.25,1913.28
358.34,19.3,96.81,5023.85,1773.64
208.06,12.54,97.09,9149.7,1855.36
260.97,18.24,97.36,6686.35,1799.76
145.4,12.99,97.08,8919.8,1856.36
353.14,16.19,96.68,5821.85,1769.84
236.01,16.37,97.74,7748.45,1836.92
202.21,15.24,97.9,8719.35,1852.56
126.03,13.57,97.28,7601.2,1935.2
205.98,13.96,97.5,8870.4,1849.8
52.97,12.03,97.43,7877.65,1968.12
124.6,12.45,97.11,8673.75,1936.56
337.02,21.64,96.75,6987.5,1749.64
133.44,12.5,97.85,8750.7,1931.32
204.81,13.5,97.26,7640.15,1845.08
398.38,22.03,96.48,5608.1,1722.08
214.43,13.98,98.22,7590.75,1848.96
230.42,14.61,97.12,9327.35,1860.56
221.19,13.63,97.02,7138.55,1839.64
377.06,24.42,96.65,6217.05,1749.48
378.75,21.51,96.85,4427.25,1766.24
308.68,22.45,97.0,8474.25,1748.4
322.33,16.19,96.48,6686.35,1775.48
293.34,18.32,97.26,8109.45,1768.76
263.7,17.46,97.77,7419.75,1830.92
169.45,13.7,98.0,8434.35,1890.84
158.01,12.82,97.86,7284.85,1908.52
373.81,20.62,96.42,5337.35,1748.76
358.21,22.55,96.85,6967.55,1745.88
330.78,19.89,97.79,5223.35,1791.28
370.04,19.83,97.09,6117.3,1766.04
78.84,12.6,97.01,8826.7,1952.16
436.34,22.19,96.77,5548.25,1746.04
143.71,14.0,98.0,8166.45,1932.32
245.24,16.11,97.04,6484.0,1839.48
267.6,19.84,96.73,5873.15,1814.32
174.13,12.85,97.48,7244.0,1882.92
415.54,20.46,96.21,5135.0,1723.92
303.87,14.58,97.2,4699.9,1810.64
391.36,20.92,96.88,5083.7,1726.44
281.12,15.6,96.69,8063.85,1794.28
203.9,12.09,97.47,6714.85,1855.6
369.13,19.91,96.6,5557.75,1765.92
318.3,22.09,96.81,8675.65,1777.36
244.07,12.06,97.7,6363.35,1820.56
436.6,21.74,96.7,5648.95,1727.84
170.49,12.58,96.43,6538.15,1907.44
309.85,16.08,96.38,7241.15,1801.28
273.58,15.86,96.71,8453.35,1793.56
177.38,13.02,97.9,6020.4,1898.76
79.75,13.12,96.29,7436.85,1945.92
207.15,13.41,97.0,4247.7,1869.8
186.09,13.84,98.21,7751.3,1882.0
248.23,16.97,97.47,7110.05,1832.52
332.73,23.18,97.47,6639.8,1788.36
194.02,12.85,95.91,7732.3,1860.6
263.96,14.59,97.21,6576.15,1842.56
184.4,13.4,96.56,6396.6,1888.72
306.73,22.77,96.79,8408.7,1766.84
393.05,20.97,96.55,2949.05,1738.72
439.85,22.66,96.48,4198.3,1746.92
174.0,12.46,97.05,5853.2,1915.84
308.42,19.62,97.01,7520.45,1779.72
132.79,12.07,97.49,5971.0,1926.88
276.96,19.66,97.77,6938.1,1801.36
90.93,12.1,97.5,6073.6,1940.52
95.74,12.6,96.99,9003.4,1941.76
156.84,12.27,97.54,5510.25,1892.2
99.25,12.84,98.18,9110.75,1914.8
346.51,18.0,97.16,5745.85,1760.28
182.71,12.94,97.5,6041.3,1860.88
260.58,15.93,96.83,8003.05,1841.48
91.71,11.32,97.94,7938.45,1951.08
398.51,21.6,96.63,4907.95,1725.88
123.95,13.71,97.04,7763.65,1902.04
137.86,12.39,96.88,5994.75,1913.88
364.97,21.6,97.02,7820.65,1735.28
107.96,12.36,96.96,8023.95,1930.76
408.39,22.8,96.96,6032.75,1722.4
159.44,12.97,97.41,8572.1,1866.88
384.47,21.6,96.66,5269.9,1716.6
284.11,18.78,96.5,8348.85,1776.0
345.34,21.24,96.5,8170.25,1749.0
61.16,11.14,97.53,8413.45,1957.12
346.64,20.94,96.42,5056.15,1747.84
343.26,21.74,96.29,7521.4,1719.88
252.78,13.89,96.29,8025.85,1831.16
406.7,22.6,97.27,3890.5,1726.16
325.06,22.23,96.63,8019.2,1752.56
290.22,19.91,96.58,7375.1,1802.44
347.29,19.84,97.1,4119.45,1807.68
394.35,22.53,96.95,6305.4,1736.24
311.15,20.28,96.98,5556.8,1780.92
294.9,13.87,96.68,6425.1,1803.96
281.12,13.79,97.21,7927.05,1781.0
386.68,23.92,96.92,6101.15,1742.16
192.85,12.37,97.04,7510.0,1875.48
249.53,14.0,97.3,6266.45,1836.4
132.53,21.84,97.68,8358.35,1883.56
367.83,22.17,96.89,6731.0,1727.92
188.3,13.15,97.28,7438.75,1858.2
290.09,18.93,96.72,9366.3,1780.64
175.56,14.91,96.99,9511.65,1858.84
111.6,12.84,98.2,9149.7,1901.16
384.34,21.93,96.97,5656.55,1780.0
244.33,13.97,96.8,7342.8,1800.52
288.53,20.02,97.24,6313.95,1793.52
169.32,12.95,97.71,8935.0,1880.12
293.47,18.05,96.9,7322.85,1802.6
293.6,18.26,97.53,6972.3,1786.16
137.08,13.04,97.85,4983.0,1896.0
349.76,19.68,97.57,4033.95,1766.88
241.73,15.41,97.14,7620.2,1822.0
345.47,15.29,96.24,6263.6,1765.52
354.83,23.0,96.42,7508.1,1753.24
239.39,16.45,97.09,7790.25,1831.2
264.22,17.46,97.77,7265.85,1820.2
339.23,16.35,96.48,5067.55,1787.16
312.58,18.61,96.54,8282.35,1759.36
332.47,19.83,97.25,6121.1,1782.4
139.55,13.76,97.59,8422.0,1918.44
376.93,21.45,96.29,6440.3,1724.64
384.34,20.97,96.82,6468.8,1719.08
74.81,12.1,97.52,7270.6,1953.28
138.12,12.85,97.7,7798.8,1924.12
215.99,13.61,97.4,6550.5,1869.88
137.08,12.29,97.7,7719.95,1927.96
319.21,21.88,96.26,8589.2,1747.64
80.14,14.26,97.06,8441.0,1938.08
207.28,12.54,97.16,8534.1,1849.84
251.22,15.11,96.68,9013.85,1810.52
139.94,12.71,98.21,7687.65,1930.2
314.27,15.55,96.39,7207.9,1746.96
312.19,22.55,96.95,8497.05,1757.84
159.31,12.97,97.48,8583.5,1864.08
223.53,14.26,96.7,9315.0,1828.84
160.35,12.45,97.13,8793.45,1903.24
281.64,13.71,96.43,7909.0,1783.24
144.75,12.74,97.36,7535.65,1903.84
389.28,22.66,96.43,6317.75,1751.4
348.33,18.78,96.56,6276.9,1751.84
178.03,12.51,97.52,8030.6,1886.24
104.32,12.46,97.07,8373.55,1931.12
307.12,19.63,97.46,6066.0,1792.8
232.37,12.66,96.07,6954.25,1854.48
376.93,16.35,96.45,4349.35,1754.56
159.83,12.95,97.7,9162.05,1885.28
295.55,16.83,97.04,7130.95,1823.88
254.99,14.0,97.02,6931.45,1808.08
197.01,13.84,98.49,6767.1,1862.0
438.94,21.82,96.65,6163.85,1728.92
305.43,20.99,97.53,8233.9,1756.64
192.98,14.26,96.75,7993.55,1863.0
163.21,12.68,97.14,8423.9,1900.04
345.08,21.51,96.78,6960.9,1735.24
352.75,17.47,97.16,5508.35,1780.68
122.13,12.73,97.94,8583.5,1888.36
160.22,13.88,97.61,8111.35,1879.12
305.3,18.33,96.58,8171.2,1767.56
373.16,14.88,96.21,5182.5,1763.0
422.17,21.32,96.19,5411.45,1727.48
144.36,14.0,98.02,8265.25,1927.48
103.41,12.84,98.48,8362.15,1916.2
352.23,21.62,96.6,7854.85,1735.56
181.8,12.45,97.12,8184.5,1887.76
361.85,20.38,96.75,7375.1,1754.48
270.85,15.02,96.89,8241.5,1783.76
130.97,12.64,97.65,6836.45,1893.64
381.61,19.83,97.23,5198.65,1757.32
335.72,21.55,95.97,8734.55,1737.08
141.76,13.03,97.14,6799.4,1903.32
347.03,23.88,97.04,7340.9,1752.32
317.13,13.24,96.94,5239.5,1817.48
356.65,20.84,96.91,6785.15,1780.56
378.88,20.47,96.46,5933.95,1734.2
391.88,22.57,96.64,8065.75,1735.04
154.24,12.86,97.08,8558.8,1918.36
169.97,12.72,97.37,7882.4,1895.72
421.0,22.45,96.81,3850.6,1719.76
138.25,12.94,97.61,8023.95,1922.12
207.93,12.06,97.58,7699.05,1761.84
150.21,12.58,96.78,7088.2,1909.72
287.75,18.58,97.6,8346.95,1781.76
403.45,21.82,96.69,7297.2,1733.32
96.78,13.02,97.9,8591.1,1800.88
299.45,18.78,96.49,8092.35,1767.08
382.39,20.84,96.88,5269.9,1781.36
93.01,12.44,97.46,8334.6,1958.08
147.48,13.08,97.66,8306.1,1898.12
236.27,14.36,96.85,8103.75,1799.96
162.56,11.98,97.15,8675.65,1883.36
350.67,18.48,96.82,6663.55,1757.88
395.26,20.97,96.8,6249.35,1723.0
260.06,18.14,97.51,8307.05,1790.16
351.19,22.6,97.29,8092.35,1720.2
137.86,13.02,97.97,7945.1,1921.04
354.83,21.64,96.6,6901.05,1741.96
305.17,14.0,97.02,4180.25,1818.8
411.25,21.35,96.84,3503.85,1720.08
436.21,21.62,96.31,5515.0,1725.56
183.36,14.03,97.09,8308.95,1869.96
426.85,13.81,96.37,4220.15,1724.24
433.74,22.66,96.48,4522.25,1766.12
198.44,13.18,96.57,6778.5,1871.92
213.91,20.14,97.17,8280.45,1807.16
321.81,20.94,96.38,5635.65,1765.88
131.36,12.93,97.29,8023.95,1932.4
354.05,22.75,96.7,8916.0,1729.64
167.5,12.91,97.9,5476.05,1902.6
150.86,12.57,96.91,7763.65,1911.8
105.23,12.73,97.9,8273.8,1933.76
256.55,19.74,97.85,6515.35,1835.96
272.93,19.66,97.31,7021.7,1790.36
130.84,12.94,97.57,6753.8,1898.24
397.86,22.97,96.23,6384.25,1741.68
367.96,21.27,97.11,4225.85,1747.48
398.12,20.7,97.19,4425.35,1753.72
165.03,12.69,97.79,8992.0,1907.6
267.21,15.7,97.22,7803.55,1824.16
126.16,12.92,97.73,6674.95,1932.52
176.34,13.62,96.87,9418.55,1863.8
361.2,23.67,96.6,7427.35,1747.96
360.16,23.33,96.62,7095.8,1777.52
219.5,12.42,96.19,6274.05,1841.24
337.02,15.25,96.24,4508.0,1779.2
174.52,12.71,97.36,7830.15,1898.96
322.2,12.83,96.1,3686.25,1811.64
287.49,21.22,96.03,8235.8,1761.04
331.04,18.05,96.92,6129.65,1792.6
393.83,22.8,97.11,3782.2,1726.04
348.2,15.02,96.68,6365.25,1773.92
177.25,12.99,96.89,7396.95,1835.56
305.82,18.58,97.59,7656.3,1775.36
208.45,12.38,97.07,8329.85,1852.76
59.99,12.03,97.41,7285.8,1961.0
149.56,12.96,97.74,7136.65,1915.76
159.18,12.46,97.09,6362.4,1918.16
153.72,13.44,97.26,6073.6,1915.28
169.32,12.88,97.8,7952.7,1868.12
382.65,22.05,96.69,7480.55,1718.56
298.93,18.58,97.62,7915.65,1768.92
114.72,12.85,97.72,6723.4,1949.6
129.8,11.82,97.9,7391.25,1929.12
275.79,21.72,96.78,8495.15,1790.92
425.03,20.43,96.78,6077.4,1718.76
366.14,21.74,96.8,7564.15,1730.76
268.25,19.67,96.75,9312.15,1798.48
99.12,12.85,97.76,7658.2,1952.04
76.11,12.1,97.48,6912.45,1947.8
291.65,19.49,97.04,7315.25,1782.48
333.64,15.35,97.18,5020.05,1821.04
347.29,18.52,96.44,3954.15,1805.64
346.38,19.62,96.86,6712.95,1773.72
135.78,12.38,97.81,7035.95,1912.68
306.6,22.45,97.0,8547.4,1759.56
101.98,12.88,96.78,9173.45,1936.32
165.16,12.88,97.95,7580.3,1886.08
155.8,12.49,96.97,7680.05,1897.88
393.18,21.74,96.84,6689.2,1754.88
280.99,15.68,97.49,6584.7,1820.8
354.31,23.0,96.13,6836.45,1756.12
161.52,11.98,97.1,7837.75,1893.52
357.43,15.08,96.16,5077.05,1762.6
342.48,18.6,97.38,5278.45,1778.76
304.13,20.46,96.81,6135.35,1774.88
153.85,14.0,97.63,8756.4,1886.6
156.06,12.96,97.72,6315.85,1916.0
321.16,20.38,96.74,8734.55,1784.72
331.82,19.89,97.78,5135.0,1791.52
264.74,17.46,97.75,6990.35,1824.56
362.76,20.87,96.42,5659.4,1761.04
67.01,12.3,96.94,6558.1,1984.64
93.66,12.81,97.92,8329.85,1963.56
230.29,12.9,95.86,6499.2,1846.84
387.85,21.24,96.75,5037.15,1733.16
232.24,13.44,97.61,7115.75,1843.36
148.26,13.87,97.4,7944.15,1932.4
356.78,22.27,96.75,8584.45,1721.72
334.42,15.35,97.11,4831.0,1833.48
271.63,13.17,97.11,6828.85,1852.12
360.81,23.33,96.59,8471.4,1738.36
208.97,13.88,97.19,5848.45,1853.28
201.17,13.8,97.68,5751.55,1880.2
329.48,21.64,96.61,7270.6,1757.92
391.36,22.09,96.69,7533.75,1729.88
234.58,13.97,97.77,6781.35,1833.44
192.46,13.96,97.67,5626.15,1855.88
371.34,20.47,96.43,6243.65,1712.16
378.62,21.84,96.96,4622.0,1725.48
251.61,13.53,97.07,7195.55,1817.8
382.52,23.33,96.59,7171.8,1726.28
356.65,23.88,96.78,7278.2,1741.36
347.94,18.48,96.82,6836.45,1784.4
368.87,20.57,96.68,5669.85,1763.96
138.64,12.39,96.86,7049.25,1915.6
226.26,16.06,97.87,7726.6,1845.0
358.99,13.71,96.43,5601.45,1765.8
171.4,12.85,97.95,8193.05,1855.88
139.42,13.02,97.73,7526.15,1928.36
288.79,19.42,96.96,8271.9,1777.4
185.57,14.02,98.15,7822.55,1875.96
209.62,13.61,98.15,7451.1,1855.64
275.79,15.21,96.77,8737.4,1786.24
324.8,19.63,97.48,5736.35,1799.6
232.63,13.97,96.73,7121.45,1825.04
157.75,12.86,97.06,8541.7,1906.4
158.66,12.85,97.68,5300.3,1907.44
400.72,21.15,96.91,5262.3,1758.24
168.8,13.02,97.92,6454.55,1901.92
260.97,17.49,97.79,6736.7,1829.72
188.3,12.85,97.84,7022.65,1845.04
111.86,13.05,98.89,6809.85,1916.44
363.54,20.44,96.35,4871.85,1746.36
399.16,22.77,96.66,5053.3,1722.44
306.73,18.1,97.02,6209.45,1808.68
235.36,15.77,97.0,8132.25,1830.6
274.88,19.26,97.33,7703.8,1811.76
225.22,15.39,98.13,6580.9,1842.0
168.02,12.99,96.9,7929.9,1849.32
249.01,15.7,97.26,8302.3,1833.28
397.73,21.9,96.47,6424.15,1744.64
419.44,21.61,96.47,5468.45,1758.68
347.94,15.35,97.07,3538.05,1836.24
144.36,12.85,97.7,5772.45,1921.84
233.41,13.61,97.32,6390.9,1859.56
162.43,11.98,97.14,8859.95,1884.72
487.43,21.18,96.48,2964.25,1722.0
369.78,20.97,96.84,6628.4,1722.88
289.96,19.06,96.79,5593.85,1787.08
205.98,11.79,97.23,8320.35,1856.84
96.65,13.6,97.58,6879.2,1926.88
374.2,23.07,96.92,5230.95,1772.12
322.2,21.84,96.79,5634.7,1751.72
288.79,17.86,97.04,7145.2,1797.84
339.36,22.9,97.42,7218.35,1744.32
134.09,12.7,97.55,6630.3,1945.92
209.36,13.03,98.01,6365.25,1853.76
136.43,12.42,97.65,6624.6,1912.2
343.78,20.85,96.75,6310.15,1734.12
349.24,21.24,96.76,7995.45,1748.04
404.62,21.38,96.7,6468.8,1756.24
268.9,18.02,97.19,8211.1,1811.96
375.76,21.51,96.85,5154.95,1772.92
308.81,21.78,96.64,7726.6,1771.24
174.91,12.75,96.82,8064.8,1889.76
307.38,19.72,97.09,8394.45,1776.0
347.42,18.26,97.12,5608.1,1761.88
364.71,21.99,96.31,7428.3,1738.16
372.12,20.22,97.13,6167.65,1758.88
170.1,12.42,97.54,5987.15,1876.08
182.97,13.02,97.84,5786.7,1892.36
156.32,12.53,97.32,8274.75,1913.8
355.48,22.27,96.75,8518.9,1721.12
179.2,12.77,96.88,8712.7,1894.44
270.07,19.74,97.85,5928.25,1834.48
250.18,15.93,96.84,8175.0,1792.64
300.1,19.72,97.06,8525.55,1800.04
247.71,14.85,96.37,7887.15,1822.88
406.31,20.7,97.16,3286.3,1752.84
237.96,13.76,97.63,5116.0,1826.48
356.65,18.24,97.08,5354.45,1770.56
157.62,12.71,97.79,7809.25,1885.2
174.52,14.03,97.09,8334.6,1874.76
269.94,20.46,97.18,7396.0,1800.72
342.35,18.28,96.9,6694.9,1781.76
336.24,18.59,97.5,4870.9,1780.08
456.88,21.18,96.52,3929.45,1714.68
349.37,20.81,96.33,7427.35,1727.48
142.67,8.11,96.78,9520.2,1888.84
295.16,15.02,96.7,7520.45,1786.44
213.13,13.61,97.47,5935.85,1868.56
411.38,23.33,96.51,6076.45,1726.44
346.77,17.56,97.06,5736.35,1764.44
172.7,13.89,97.79,8508.45,1874.64
423.08,20.94,96.35,3593.15,1723.56
387.07,21.47,97.17,4504.2,1742.08
341.31,20.84,96.92,7593.6,1788.48
142.8,12.57,96.94,8156.95,1915.48
241.34,15.55,96.84,9479.35,1809.56
309.85,21.51,96.91,7529.0,1750.84
124.34,12.33,98.22,6603.7,1900.12
335.72,20.46,96.99,5397.2,1756.96
157.75,11.23,97.64,5507.4,1897.04
331.43,19.18,96.92,7415.95,1744.88
218.2,13.97,96.75,7824.45,1829.44
208.32,13.61,98.14,7444.45,1855.2
268.9,18.44,97.29,7486.25,1818.16
392.27,21.3,96.71,6192.35,1743.96
323.11,23.07,97.04,7153.75,1769.28
309.59,15.93,96.94,6992.25,1781.36
309.59,18.94,96.62,8280.45,1797.04
200.91,12.71,97.3,6748.1,1881.12
376.15,20.08,97.12,4655.25,1755.48
205.46,11.86,96.81,8156.0,1874.32
124.47,12.69,97.53,6551.45,1906.68
405.66,21.61,96.5,5590.05,1761.64
152.42,14.05,97.57,9147.8,1893.52
246.15,16.35,96.31,8252.9,1805.92
172.18,12.68,97.15,8065.75,1893.16
221.97,14.35,96.91,9300.75,1839.28
291.13,18.75,97.5,7967.9,1772.6
303.87,14.36,96.88,5715.45,1782.44
258.89,15.6,96.79,8978.7,1803.36
250.18,14.44,96.57,7459.65,1813.0
328.96,22.6,97.28,8904.6,1757.92
340.92,20.85,96.75,5662.25,1738.28
221.97,13.56,97.89,7687.65,1847.04
233.41,19.13,97.68,8188.3,1818.2
306.73,19.23,96.98,7287.7,1774.88
120.7,12.49,98.3,9073.7,1902.96
331.69,18.33,97.03,7407.4,1787.36
96.0,12.96,96.04,9231.4,1940.68
327.01,18.02,97.16,7659.15,1790.08
410.08,19.99,96.06,4265.75,1708.28
223.14,12.9,95.93,6704.4,1843.56
306.34,22.4,96.73,8563.55,1761.48
183.1,14.19,97.65,8807.7,1876.6
337.28,21.6,96.73,8614.85,1739.88
157.49,11.88,96.64,6909.6,1895.04
247.19,15.55,96.84,9232.35,1805.56
342.22,18.72,96.57,6157.2,1762.84
265.78,16.35,96.29,7806.4,1794.88
178.55,12.93,97.35,6278.8,1897.68
187.0,12.74,98.29,5212.9,1904.48
327.27,15.73,96.71,5883.6,1786.2
126.03,12.92,97.57,8904.6,1926.0
74.81,12.52,97.07,6045.1,1981.84
205.59,12.39,96.69,8364.05,1861.2
199.22,12.9,96.35,9318.8,1871.92
371.47,20.74,97.18,4732.2,1744.08
111.08,12.29,97.67,8116.1,1937.68
387.59,20.52,97.51,4063.4,1743.4
190.64,13.41,97.09,4701.8,1876.32
114.46,13.18,96.67,8344.1,1932.64
292.56,18.73,97.55,7972.65,1780.88
100.03,13.41,97.2,8215.85,1944.28
388.89,21.84,96.94,5078.95,1732.88
187.52,12.75,96.73,7798.8,1884.0
196.62,13.7,98.01,8204.45,1852.28
189.73,12.25,97.41,8088.55,1900.48
323.24,21.34,97.17,5932.05,1747.96
197.27,13.72,97.59,7110.05,1868.08
189.6,14.15,97.31,7115.75,1866.4
357.43,20.45,97.16,3736.6,1748.16
383.3,22.67,96.59,5655.6,1751.24
213.91,14.85,96.54,8221.55,1837.72
425.29,20.85,96.65,5465.6,1716.36
377.45,20.98,96.54,5019.1,1735.92
280.99,18.95,96.73,7808.3,1808.68
433.74,21.9,96.24,4734.1,1739.24
301.4,21.27,96.98,7315.25,1762.2
356.39,21.84,96.85,6298.75,1726.64
298.54,18.24,97.47,7691.45,1764.12
217.29,13.23,97.18,8070.5,1854.76
192.46,12.85,96.3,8404.9,1874.0
217.68,13.96,97.58,7225.0,1879.12
389.8,21.97,96.85,4998.2,1743.56
106.14,12.25,98.15,8094.25,1943.6
320.64,22.09,96.49,8597.75,1734.88
107.31,12.85,97.76,7393.15,1949.8
218.07,13.0,97.09,5806.65,1875.72
180.76,12.93,97.35,6272.15,1893.44
118.49,11.35,97.15,7390.3,1922.0
360.16,22.53,97.01,8203.5,1735.96
312.06,17.56,96.92,6126.8,1776.84
374.98,22.6,96.42,6769.95,1721.6
108.22,12.67,98.02,7684.8,1957.04
115.63,12.73,98.05,8539.8,1889.44
99.77,12.31,97.66,6983.7,1917.76
314.66,19.63,96.8,6554.3,1767.08
126.16,11.39,98.45,7321.9,1919.2
356.39,20.04,97.36,4289.5,1771.48
283.33,17.57,96.55,7548.95,1770.64
302.44,15.57,97.37,6063.15,1837.32
346.12,21.61,96.4,7835.85,1754.24
133.31,13.05,98.91,6519.15,1907.32
280.08,14.11,97.24,6945.7,1839.52
135.39,13.11,95.78,9495.5,1889.28
415.02,20.7,97.16,3519.05,1737.08
317.26,19.89,97.77,5246.15,1803.64
305.69,21.88,96.14,8991.05,1732.64
277.48,18.88,97.73,6400.4,1800.08
155.15,13.2,97.8,8988.2,1881.52
406.18,21.6,96.99,5959.6,1739.84
214.56,14.26,96.65,8186.4,1834.64
131.62,12.8,97.65,9352.05,1868.2
131.49,12.8,97.89,9287.45,1881.44
363.28,20.58,97.44,5286.05,1781.4
281.38,15.6,96.67,8290.9,1789.88
344.3,19.57,97.1,5800.0,1776.0
363.67,15.51,96.43,5422.85,1756.92
333.64,20.38,96.8,8037.25,1764.08
125.51,12.07,97.52,5941.55,1906.68
104.45,12.7,97.74,6880.15,1969.4
134.48,12.88,97.99,7968.85,1905.84
110.3,12.69,97.79,8463.8,1918.08
203.12,11.86,97.77,8031.55,1857.36
187.26,13.03,96.93,4623.9,1868.48
148.26,13.41,97.03,6326.3,1920.24
99.12,12.21,97.64,6530.55,1947.28
348.72,22.02,96.77,7771.25,1727.2
304.91,15.21,96.73,7994.5,1781.88
273.71,17.75,97.22,7784.55,1818.16
157.36,12.96,97.73,6354.8,1909.48
379.27,21.74,96.26,6265.5,1707.56
120.31,13.05,98.94,7061.6,1916.88
331.82,18.61,96.51,7336.15,1758.56
222.23,12.66,96.31,7760.8,1861.52
347.03,19.63,97.2,6594.2,1765.4
199.22,12.5,97.52,6220.85,1830.64
293.86,15.19,97.35,5057.1,1793.4
443.75,19.99,96.14,3736.6,1735.48
171.53,13.8,97.32,8590.15,1901.12
262.4,17.68,96.89,8450.5,1812.0
315.83,20.81,96.66,6342.45,1764.36
339.88,20.14,97.53,5208.15,1769.56
448.43,22.57,96.52,4367.4,1736.12
117.32,10.91,98.34,7688.6,1933.6
256.55,12.32,97.17,5850.35,1866.12
324.67,22.08,96.54,8414.4,1726.12
322.46,19.94,97.37,6590.4,1801.4
266.95,12.42,96.08,5640.4,1832.48
274.88,21.22,96.08,7401.7,1776.28
329.09,21.6,96.58,5823.75,1749.12
71.95,12.52,97.02,6019.45,1986.4
318.3,21.08,96.91,7117.65,1780.0
330.13,21.09,97.16,4151.75,1793.48
282.03,21.22,96.13,6979.9,1768.88
150.6,11.23,97.66,6141.05,1898.32
174.0,12.28,97.43,7789.3,1899.4
290.09,19.37,97.13,7093.9,1801.68
409.95,20.74,97.26,4005.45,1732.88
268.12,17.46,97.75,7391.25,1826.0
388.5,22.36,96.33,4961.15,1762.72
342.74,20.94,96.94,6356.7,1761.0
422.56,21.49,97.12,5163.5,1724.44
190.38,13.36,96.94,8400.15,1889.76
310.24,20.45,97.22,5952.95,1805.2
310.11,15.89,96.99,7044.5,1799.6
239.0,13.61,97.31,5826.6,1862.04
342.35,18.48,96.82,7229.75,1780.72
343.78,22.02,96.79,7321.9,1734.52
348.85,21.91,96.64,7325.7,1758.44
258.63,15.55,96.85,8970.15,1798.12
292.3,20.14,97.66,6366.2,1793.0
372.77,14.88,96.15,5061.85,1753.52
361.07,20.58,97.47,5111.25,1769.16
330.78,20.14,97.22,3692.9,1777.12
320.51,17.86,97.07,6035.6,1785.4
360.68,19.49,97.15,4905.1,1766.6
142.67,12.96,97.72,6894.4,1919.96
379.53,19.99,95.95,6469.75,1716.64
389.8,22.08,96.55,5956.75,1721.08
408.26,21.35,96.92,4530.8,1729.6
352.88,22.08,96.71,6143.9,1734.96
278.52,22.96,96.74,8388.75,1778.76
197.01,13.97,97.77,8014.45,1865.92
452.2,23.88,96.8,5501.7,1728.48
248.75,12.83,96.09,5667.0,1838.24
414.24,21.42,96.72,4342.7,1757.76
425.03,19.11,96.86,3747.05,1805.52
82.22,12.47,96.62,8206.35,1948.44
383.82,20.74,97.32,4419.65,1738.36
307.51,18.75,97.65,6392.8,1765.88
98.47,12.32,96.95,8616.75,1937.16
73.12,12.1,97.55,7476.75,1951.68
316.48,18.78,97.27,6202.8,1790.6
272.8,14.11,97.27,7204.1,1845.96
244.2,13.72,97.49,6738.6,1832.2
96.52,13.02,97.9,8417.25,1960.96
171.14,13.88,97.15,7373.2,1879.68
298.67,20.46,96.37,8803.9,1751.76
427.63,21.87,96.42,4527.0,1740.04
373.03,19.94,97.42,5788.6,1768.84
348.85,19.78,97.11,5792.4,1784.6
128.24,13.9,98.03,8830.5,1919.64
354.18,22.27,96.75,8402.05,1719.76
429.19,23.0,96.13,3811.65,1736.16
148.26,12.71,97.75,8235.8,1882.24
64.28,12.58,96.92,7627.8,1980.48
313.49,18.24,97.19,5956.75,1781.28
186.35,12.95,97.72,8218.7,1865.96
145.66,11.75,96.75,9183.9,1900.6
314.27,18.33,97.05,7555.6,1799.68
384.21,20.74,97.19,4455.75,1745.32
334.55,20.05,97.06,6689.2,1757.68
199.35,13.62,96.84,8898.9,1842.24
420.74,22.53,96.88,5710.7,1733.8
117.58,13.9,98.0,9072.75,1923.48
200.52,12.9,96.3,9419.5,1876.84
58.43,12.03,97.35,7775.05,1957.2
177.25,13.61,97.15,7229.75,1893.88
407.48,21.45,96.78,4902.25,1759.96
165.94,13.56,98.0,9505.0,1875.2
115.89,12.51,98.75,8134.15,1911.92
187.52,13.76,97.9,8186.4,1879.56
112.51,11.81,97.28,7000.8,1921.64
304.78,17.56,97.05,6087.85,1765.12
246.67,13.44,96.99,5004.85,1862.92
163.6,12.42,97.55,5213.85,1890.32
316.22,16.08,96.69,6979.9,1799.68
201.17,12.36,97.46,6885.85,1884.2
160.09,12.13,97.1,9132.6,1903.28
377.06,18.24,97.4,5049.5,1749.36
155.41,12.96,97.74,6573.3,1912.56
105.88,11.81,97.26,7269.65,1927.8
368.35,23.76,96.83,7507.15,1743.8
198.83,13.5,97.29,7753.2,1850.08
196.88,12.71,97.49,6756.65,1867.32
202.08,12.72,97.52,8210.15,1841.76
333.9,21.89,96.62,5988.1,1753.68
194.28,8.26,96.77,7435.9,1870.16
177.77,21.84,97.69,7138.55,1861.72
148.26,11.98,97.14,9092.7,1893.44
197.92,21.84,97.69,6349.1,1821.64
366.27,22.05,96.72,8303.25,1715.68
88.72,12.3,96.98,8887.5,1967.28
295.16,18.44,97.44,6102.1,1809.84
297.63,20.45,97.24,5992.85,1817.32
244.59,13.89,97.71,3804.05,1840.0
283.33,15.6,96.69,8029.65,1779.52
324.28,20.52,97.59,7364.65,1745.12
113.42,12.72,98.06,7961.25,1937.56
163.47,13.89,97.63,7691.45,1880.64
118.75,11.39,97.33,5470.35,1926.6
403.84,21.88,95.91,6559.05,1738.88
137.21,12.94,97.73,8066.7,1934.44
272.02,18.88,97.69,5882.65,1812.8
193.5,12.2,97.46,7201.25,1866.28
333.51,20.62,96.49,6308.25,1788.24
179.46,12.73,98.18,7368.45,1841.16
200.26,12.94,97.29,5580.55,1829.16
199.35,13.4,96.7,8627.2,1879.44
358.47,19.78,97.1,5527.35,1783.16
179.85,12.72,97.61,8923.6,1849.12
351.45,22.75,96.66,8986.3,1730.88
330.13,18.36,96.63,7693.35,1770.2
246.15,12.83,96.09,6195.2,1844.88
379.14,18.52,97.23,4662.85,1763.96
204.29,16.11,97.2,7658.2,1816.28
331.95,21.84,96.97,6686.35,1744.96
164.51,15.45,96.61,8746.9,1873.4
338.97,22.45,97.06,8208.25,1736.28
411.12,22.77,96.61,4638.15,1726.76
431.4,21.1,96.39,4235.35,1734.12
312.32,21.51,96.92,7923.25,1745.84
362.37,19.63,97.31,4512.75,1787.64
171.66,14.94,97.5,7742.75,1874.92
137.6,12.99,97.41,9323.55,1856.48
202.08,15.76,97.17,9515.45,1845.12
302.05,18.52,97.55,6381.4,1815.0
138.38,12.24,96.9,8344.1,1901.64
385.9,21.34,96.83,5105.55,1722.68
358.73,19.72,96.83,7290.55,1774.48
38.54,12.33,98.52,6562.85,1959.76
175.82,13.61,98.13,8309.9,1873.28
148.26,12.5,97.34,7113.85,1877.36
215.21,11.9,97.93,6749.05,1855.16
352.88,21.79,96.6,8603.45,1756.32
197.14,13.36,97.3,8056.25,1889.68
135.65,12.71,97.32,8004.95,1891.72
374.46,22.55,96.93,6920.05,1747.36
107.57,21.84,97.58,8221.55,1903.64
383.69,20.47,96.51,5025.75,1762.24
113.42,12.73,96.89,8555.95,1926.92
189.08,13.87,97.8,7359.9,1897.88
161.52,12.73,98.2,8172.15,1859.04
395.65,22.6,97.27,6712.0,1744.68
190.77,12.38,97.03,8781.1,1857.52
86.77,12.73,98.16,9160.15,1918.16
255.38,20.18,97.28,8150.3,1812.4
97.82,13.91,97.73,6835.5,1955.84
322.59,20.05,97.05,7398.85,1754.04
304.0,18.58,97.61,8008.75,1773.0
89.37,13.6,97.76,6919.1,1944.76
79.62,12.69,97.39,8071.45,1929.6
303.35,19.68,97.17,7640.15,1793.52
296.72,19.66,97.73,6163.85,1794.2
137.21,12.64,97.59,6484.95,1886.32
326.75,18.14,96.81,6842.15,1784.16
203.77,8.26,96.75,6275.0,1862.0
276.96,21.51,96.84,9085.1,1783.56
415.02,21.82,96.67,6823.15,1732.48
184.4,12.56,97.1,8611.05,1870.16
342.48,21.99,96.26,8253.85,1736.72
139.03,12.45,97.08,8432.45,1927.44
160.74,12.3,97.27,9319.75,1894.72
221.97,15.77,97.11,8078.1,1848.0
268.51,19.43,97.42,8621.5,1792.0
336.5,18.14,97.37,6123.0,1765.04
226.13,15.68,97.35,7695.25,1858.6
271.89,16.97,97.42,5826.6,1823.68
334.55,22.09,96.53,8406.8,1747.88
328.31,18.61,96.41,7244.95,1750.64
150.6,11.75,97.16,6921.95,1893.8
408.65,21.24,95.94,5561.55,1710.24
313.1,19.37,97.02,5504.55,1784.96
393.44,20.92,96.92,5304.1,1722.32
101.98,12.44,97.6,8244.35,1941.52
314.01,21.24,96.91,8498.95,1741.32
375.24,16.76,97.1,4708.45,1767.2
193.76,12.6,96.92,6639.8,1888.2
310.24,18.57,96.99,7555.6,1754.76
306.6,15.29,96.22,7583.15,1768.0
403.06,20.52,97.52,5104.6,1735.64
242.64,18.53,96.79,8155.05,1816.72
254.21,16.37,97.41,6201.85,1839.36
115.89,12.73,96.8,8645.25,1929.12
392.53,22.6,96.42,5791.45,1727.68
215.99,13.56,97.74,7253.5,1863.96
385.9,21.51,96.9,5821.85,1710.0
129.15,12.72,98.01,6470.7,1929.32
200.91,13.54,97.29,5490.3,1844.84
180.63,13.47,96.78,7131.9,1868.56
290.09,18.75,97.53,7852.95,1780.56
257.85,12.06,97.54,5976.7,1812.84
130.19,13.41,97.04,6503.95,1925.84
365.75,20.45,97.31,3710.0,1737.32
371.99,19.18,96.9,5786.7,1748.04
200.0,12.9,96.51,8265.25,1875.84
339.88,21.82,96.63,8593.0,1740.0
285.02,17.94,97.3,7478.65,1822.28
407.09,21.75,96.87,4387.35,1767.36
386.55,20.99,96.86,4394.0,1788.44
182.32,13.96,97.71,5406.7,1871.64
348.59,23.1,96.28,8220.6,1732.16
184.66,12.56,97.11,8565.45,1872.96
361.2,20.44,96.34,4897.5,1763.64
265.52,17.96,97.51,7064.45,1800.68
152.68,11.98,97.11,8190.2,1899.2
341.18,18.82,97.14,6417.5,1803.68
377.19,20.47,96.44,6154.35,1714.4
379.53,21.27,97.1,3727.1,1739.96
315.96,22.45,96.98,8776.35,1740.12
161.65,12.66,97.42,9518.3,1893.76
355.09,23.07,96.84,5906.4,1741.4
115.63,12.05,97.12,6111.6,1934.56
69.61,12.69,97.81,8961.6,1946.72
300.36,21.24,96.89,8785.85,1757.04
189.86,12.32,97.2,7625.9,1888.92
122.91,11.39,97.3,5401.95,1924.92
128.76,12.38,97.83,7014.1,1920.16
351.45,22.45,97.02,7901.4,1755.8
350.67,18.79,96.99,4983.95,1764.08
250.31,13.53,96.74,6607.5,1823.32
83.91,12.84,98.42,8268.1,1925.76
404.62,22.6,96.44,5504.55,1720.68
397.86,21.6,96.97,6272.15,1748.92
154.76,12.51,97.51,8352.65,1894.24
95.09,13.44,97.6,8394.45,1952.76
72.99,12.73,98.19,8815.3,1937.48
195.06,14.35,97.25,9201.95,1854.04
368.74,22.96,96.82,6316.8,1746.28
373.81,23.18,97.5,5248.05,1762.0
348.98,18.92,97.04,5380.1,1800.32
216.9,12.85,96.63,7282.95,1858.88
322.59,22.23,96.64,8133.2,1743.84
367.44,19.3,96.77,5366.8,1770.28
166.98,12.72,97.5,8884.65,1863.8
371.34,15.29,96.27,5283.2,1760.64
102.63,13.41,97.21,8218.7,1946.52
127.59,12.92,98.46,8078.1,1901.64
322.59,18.18,97.47,5489.35,1770.6
184.79,12.73,98.17,6947.6,1840.4
156.84,12.66,96.5,9140.2,1904.2
201.95,11.79,97.22,8537.9,1860.92
91.45,12.71,97.74,8539.8,1922.4
369.13,20.1,97.24,4456.7,1768.08
372.9,19.8,96.93,6548.6,1771.04
399.55,21.9,96.74,6142.95,1743.48
216.38,12.07,97.37,7291.5,1855.16
290.74,17.15,97.54,5505.5,1834.16
104.32,13.64,97.38,8027.75,1949.04
243.16,14.0,97.97,4411.1,1890.72
327.66,17.66,96.62,6793.7,1764.64
269.55,20.74,97.29,6580.9,1795.56
281.77,15.93,96.94,8566.4,1816.76
210.66,13.5,97.23,7516.65,1846.6
336.37,14.74,96.63,5423.8,1783.08
337.28,21.24,96.13,6489.7,1742.92
330.26,21.42,96.82,8731.7,1756.48
358.86,20.44,96.33,5007.7,1749.24
383.56,20.47,96.54,4735.05,1724.76
133.18,13.57,97.28,7119.55,1932.48
142.93,12.97,97.83,8845.7,1865.6
211.18,12.09,97.42,6418.45,1855.32
377.84,21.72,96.77,6781.35,1746.8
224.44,17.57,97.18,7804.5,1833.0
250.7,14.85,96.39,7395.05,1828.76
401.63,21.78,96.6,5649.9,1728.64
324.93,21.4,97.01,8789.65,1759.04
303.87,17.47,97.18,7488.15,1786.76
307.25,16.06,97.14,7447.3,1805.88
149.95,12.88,97.97,7778.85,1899.28
186.61,12.25,97.37,8042.0,1888.84
275.01,13.63,96.89,6001.4,1818.84
326.23,18.73,97.42,6626.5,1779.08
280.21,16.19,96.79,8448.6,1783.0
142.54,12.95,97.77,8735.5,1897.76
360.42,19.63,97.41,4603.0,1791.24
343.65,18.08,97.03,4738.85,1814.64
272.93,20.18,97.26,7967.9,1803.88
152.81,12.67,97.51,6161.0,1920.52
140.72,12.21,98.09,8082.85,1926.36
57.0,12.47,96.68,9239.95,1967.72
387.07,20.97,96.73,6347.2,1716.84
139.03,14.0,97.58,8903.65,1899.96
280.21,18.04,97.52,7983.1,1791.64
97.3,11.23,97.31,8754.5,1926.44
245.37,12.83,96.08,5704.05,1848.04
218.59,13.04,96.41,7309.55,1828.4
164.12,13.98,98.07,8384.95,1898.04
251.87,13.88,97.25,3815.45,1858.92
377.58,15.51,96.46,4540.3,1748.76
136.69,12.25,98.1,8125.6,1922.68
218.72,16.45,97.26,7157.55,1838.96
163.86,12.86,97.44,7720.9,1904.84
354.05,19.57,97.11,5024.8,1782.56
213.0,15.13,97.17,8425.8,1838.08
263.18,18.24,97.37,6590.4,1804.28
376.28,22.77,96.59,6617.0,1743.16
439.59,20.43,96.84,5082.75,1737.04
284.5,14.11,97.17,6111.6,1845.72
268.9,17.46,97.75,7271.55,1821.48
128.89,11.95,97.58,7161.35,1911.16
160.74,13.88,97.6,8242.45,1885.08
367.18,18.95,96.75,4393.05,1762.96
207.15,12.7,97.38,8412.5,1835.12
328.83,17.65,96.9,6937.15,1789.04
363.8,21.3,96.78,6805.1,1767.4
229.25,12.32,97.21,6446.0,1867.96
232.5,13.23,97.05,7305.75,1872.12
126.16,11.39,98.42,6963.75,1923.08
222.62,12.85,96.53,7057.8,1857.0
118.49,13.08,98.58,8528.4,1928.96
337.02,18.61,96.5,6801.3,1749.56
308.94,16.35,96.39,7888.1,1766.12
382.52,19.18,96.88,5382.0,1740.88
197.53,13.61,97.28,5773.4,1883.0
191.03,13.36,98.74,6617.0,1866.44
315.96,19.46,97.05,8223.45,1786.04
322.2,19.18,96.97,6664.5,1761.24
331.95,20.45,97.06,6033.7,1749.0
342.61,21.6,96.59,5420.95,1746.08
376.93,20.94,96.97,4524.15,1736.76
344.69,21.88,95.89,8409.65,1727.4
398.77,21.97,96.82,5137.85,1742.08
374.72,21.45,96.2,6487.8,1711.76
147.35,12.57,96.82,7506.2,1913.92
240.43,16.12,96.14,9513.55,1804.96
324.54,15.21,96.71,7540.4,1774.88
327.66,18.28,97.07,6877.3,1784.24
139.03,13.25,96.77,7449.2,1923.56
336.76,22.09,96.54,8264.3,1738.68
350.02,21.84,96.59,6848.8,1730.24
275.4,21.34,97.15,7840.6,1780.08
189.08,13.72,97.63,7257.3,1864.64
342.87,21.9,96.56,7911.85,1734.64
369.91,21.6,96.56,6371.9,1726.16
268.64,19.66,97.37,7097.7,1794.04
235.75,15.43,96.32,9513.55,1813.08
302.18,19.22,96.87,7437.8,1787.64
296.72,17.95,97.48,6054.6,1815.84
326.49,21.48,96.46,5624.25,1764.44
132.92,11.5,98.34,6656.9,1915.48
253.43,18.18,97.46,8126.55,1804.56
116.93,12.81,98.16,9087.0,1899.48
301.01,21.6,97.0,7835.85,1767.68
339.1,21.34,97.17,5411.45,1753.16
162.95,13.61,98.25,8905.55,1895.36
375.5,23.56,95.86,7364.65,1727.48
359.25,21.49,96.69,5662.25,1730.76
305.04,19.06,97.13,8045.8,1770.76
328.31,21.08,96.93,5295.55,1807.16
347.03,22.22,96.01,8405.85,1743.12
264.48,17.31,97.78,6175.25,1823.68
323.11,21.78,96.64,7752.25,1750.16
171.66,13.55,97.94,8015.4,1890.64
141.5,12.28,97.41,8721.25,1928.68
395.26,21.21,96.79,5325.95,1766.96
144.62,16.32,97.89,7168.95,1874.92
294.25,18.44,97.44,6561.9,1811.56
111.86,12.81,97.89,7887.15,1947.0
204.03,16.32,98.2,5250.9,1848.08
285.54,19.66,97.3,6004.25,1812.52
195.84,12.87,95.77,7957.45,1882.0
283.07,19.67,97.13,6745.25,1802.52
313.23,20.65,96.57,8574.0,1767.6
269.42,14.49,97.11,7517.6,1819.48
186.61,14.0,97.49,8474.25,1852.84
341.7,14.74,96.62,5321.2,1777.52
328.18,19.54,96.95,6824.1,1771.72
217.42,13.18,96.64,5021.0,1858.16
292.56,19.67,96.78,8633.85,1796.08
267.6,18.53,96.88,8007.8,1809.68
350.41,14.92,97.11,3827.8,1763.16
113.42,12.79,98.03,8502.75,1940.68
186.87,14.0,98.08,7407.4,1895.2
276.96,17.83,97.47,7211.7,1820.84
307.12,16.08,96.47,7422.6,1799.0
432.83,22.57,96.55,5232.85,1741.12
196.62,13.61,98.12,7750.35,1866.96
396.95,21.46,96.56,7003.65,1744.0
162.82,13.96,97.21,5708.8,1911.72
273.84,21.08,96.93,8061.95,1790.32
380.05,20.94,97.0,4404.45,1749.6
182.58,12.66,96.41,9126.9,1875.8
268.9,19.26,97.54,7146.15,1812.44
356.52,20.02,97.12,4980.15,1764.36
97.43,13.44,97.63,8347.9,1949.44
125.9,12.67,97.97,7238.3,1924.48
341.57,18.16,97.2,5035.25,1785.68
314.66,22.6,96.57,8380.2,1758.68
84.43,12.1,97.5,7531.85,1936.88
336.76,19.68,97.53,3951.3,1766.28
106.92,12.52,97.43,4529.85,1959.8
351.71,21.78,96.61,5378.2,1761.52
185.7,13.36,98.71,6834.55,1900.04
357.17,18.24,97.09,5247.1,1760.6
232.89,13.17,97.45,5795.25,1887.52
156.97,11.23,97.64,5287.0,1891.88
246.8,18.11,96.8,8214.9,1726.52
185.96,13.84,98.58,6736.7,1874.16
241.08,13.69,97.07,7446.35,1866.04
414.37,22.55,96.88,3820.2,1733.52
193.11,15.14,97.46,6642.65,1870.0
443.1,20.98,96.56,4793.95,1714.6
358.08,18.46,96.98,5594.8,1790.52
150.99,12.85,97.67,5405.75,1908.4
233.54,13.97,97.77,6795.6,1844.12
58.95,12.47,96.6,9095.55,1964.2
257.59,16.37,97.58,5811.4,1829.32
292.43,18.33,97.07,8048.65,1797.6
296.98,18.0,97.11,6529.6,1788.6
370.04,22.45,96.93,6949.5,1728.2
326.49,21.84,96.73,6547.65,1755.2
283.72,15.19,97.22,5155.9,1823.0
177.9,15.68,97.67,8836.2,1881.52
192.07,13.33,97.49,7916.6,1859.6
254.34,20.02,97.36,7325.7,1798.04
112.51,12.39,96.91,8045.8,1924.64
352.49,21.15,96.89,6353.85,1766.8
206.5,12.54,97.07,9196.25,1846.64
418.4,21.22,95.98,4737.9,1711.0
373.16,21.9,96.64,7492.9,1740.28
228.6,12.66,95.97,6908.65,1855.2
236.4,19.18,96.98,8536.95,1811.48
392.92,18.17,96.39,5342.1,1768.72
293.34,20.14,97.43,5136.9,1796.68
100.03,13.15,97.25,8246.25,1914.52
92.75,12.32,96.93,8634.8,1940.08
212.74,13.9,97.59,8169.3,1856.08
363.41,21.61,96.56,6759.5,1772.44
256.94,19.57,97.1,7941.3,1813.04
92.88,11.38,98.48,8665.2,1942.44
322.46,19.3,96.6,6804.15,1777.36
293.86,20.31,97.38,7660.1,1776.8
400.07,22.04,96.9,6095.45,1748.28
255.64,20.14,97.16,6107.8,1800.64
282.68,20.98,96.6,6880.15,1788.64
230.68,16.37,97.31,6652.15,1839.64
165.94,14.15,97.38,7735.15,1886.84
79.23,14.26,97.0,8879.9,1934.96
83.26,12.91,97.84,8432.45,1967.28
92.36,12.17,97.44,8599.65,1948.56
333.12,17.65,96.86,7035.0,1776.08
370.95,21.72,96.8,6976.1,1749.76
342.48,20.92,96.9,6376.65,1748.36
253.3,13.64,97.37,7352.3,1854.12
119.79,13.08,98.8,7507.15,1938.52
391.36,23.88,97.26,6914.35,1744.96
125.51,11.39,98.36,6857.35,1923.64
143.32,12.38,97.58,6351.95,1890.92
339.23,20.31,97.6,6296.85,1782.4
249.53,19.06,96.79,6699.65,1798.96
283.85,14.03,97.17,4969.7,1817.6
91.45,12.73,97.89,8444.8,1936.6
63.37,12.03,97.32,7316.2,1948.12
326.75,21.47,97.3,7795.95,1757.4
140.07,12.41,96.21,8517.0,1897.0
379.4,21.51,96.89,4717.95,1746.8
99.9,12.42,97.8,7398.85,1945.4
229.77,13.72,97.39,7373.2,1850.52
133.31,12.74,97.47,8008.75,1897.8
366.14,18.52,97.24,5110.3,1762.72
349.63,21.6,96.85,5458.0,1732.28
356.0,18.24,97.1,5837.05,1767.32
410.99,23.02,96.36,4393.05,1761.56
199.09,13.41,97.01,4333.2,1877.76
344.3,18.17,96.29,6809.85,1782.6
372.64,21.34,96.69,5828.5,1720.0
395.52,19.83,97.22,4963.05,1756.8
109.39,11.84,97.77,5768.65,1931.04
147.22,13.6,97.03,6968.5,1914.36
328.18,18.73,97.44,6772.8,1767.72
209.75,12.5,96.55,7361.8,1864.8
207.8,13.61,98.17,7640.15,1858.36
250.44,20.28,96.86,8131.3,1787.44
153.33,12.53,97.21,8666.15,1912.24
187.26,13.96,97.41,7199.35,1883.12
165.94,12.68,97.17,8113.25,1895.12
197.92,13.61,97.39,6528.65,1893.28
327.66,20.44,96.49,6674.95,1739.48
365.88,21.32,96.3,6868.75,1727.72
371.47,20.92,97.13,4178.35,1750.72
349.76,21.99,96.66,7158.5,1756.04
296.46,18.52,97.52,6413.7,1814.24
85.21,12.3,97.05,8870.4,1971.16
177.12,12.46,97.06,5704.05,1913.88
354.05,23.18,97.49,7087.25,1738.92
279.43,18.1,96.97,6532.45,1836.56
145.4,13.02,97.75,7473.9,1922.28
232.11,17.95,97.4,7819.7,1832.88
338.58,22.03,96.52,8057.2,1722.0
374.33,23.18,97.59,5331.65,1766.12
280.21,18.44,97.37,7389.35,1827.64
379.4,21.97,96.86,5692.65,1744.28
307.25,21.34,97.17,6668.3,1753.72
84.04,11.24,96.92,8611.05,1937.32
215.47,11.6,96.58,8783.0,1856.76
339.49,19.3,96.83,5197.7,1784.4
153.59,12.57,96.89,7703.8,1915.0
158.92,12.51,97.23,8249.1,1900.28
254.08,13.53,97.03,6901.05,1809.0
312.58,21.35,97.08,5001.05,1746.56
277.35,21.72,96.81,8339.35,1787.64
337.67,19.22,96.49,7040.7,1748.36
251.35,14.36,97.13,7720.9,1835.32
283.72,19.43,97.41,8565.45,1781.76
317.65,19.91,96.51,6579.0,1758.44
368.48,23.67,96.57,7463.45,1738.4
280.47,15.55,96.44,8010.65,1806.32
348.33,20.18,96.88,7014.1,1770.96
225.61,13.98,98.2,7060.65,1845.84
211.57,13.01,97.63,7859.6,1858.32
161.65,14.91,96.74,9517.35,1861.56
415.67,13.55,96.37,4137.5,1724.84
332.99,19.89,97.78,4964.0,1794.12
268.12,17.31,97.71,5686.0,1848.04
155.93,16.32,97.81,7373.2,1863.72
152.03,13.11,96.02,9016.7,1890.04
317.65,19.06,96.79,5186.3,1773.64
291.52,18.24,97.49,8056.25,1774.8
423.21,22.46,96.04,6641.7,1727.56
347.94,20.45,97.17,4095.7,1774.52
226.91,13.97,97.79,6672.1,1845.76
326.62,19.66,97.45,5291.75,1793.08
350.28,16.19,96.58,5898.8,1762.0
300.62,18.02,97.17,7987.85,1796.4
287.49,18.93,96.84,8706.05,1776.12
137.6,12.7,97.38,6959.0,1934.04
234.97,13.8,97.66,5811.4,1861.52
370.82,18.94,96.79,6147.7,1746.4
135.78,12.38,97.57,6675.9,1892.44
231.46,13.72,97.42,7809.25,1831.28
72.34,12.58,96.89,7760.8,1961.4
239.13,16.97,97.46,7397.9,1828.64
130.84,12.57,96.6,8552.15,1923.24
148.13,11.75,97.28,6974.2,1902.44
143.84,11.88,96.78,6184.75,1901.12
343.52,20.92,96.89,7185.1,1726.28
161.78,14.91,96.82,9517.35,1867.52
128.24,12.53,98.23,7016.95,1893.64
392.01,21.34,96.8,5002.0,1735.76
272.41,13.97,96.67,5960.55,1829.72
330.26,18.59,97.5,5206.25,1787.44
347.55,21.34,96.68,6699.65,1745.92
144.88,12.63,98.27,7571.75,1968.12
149.43,11.75,97.15,7003.65,1898.28
336.11,18.72,96.57,6266.45,1758.68
79.23,12.73,97.96,8515.1,1948.0
196.1,12.92,97.62,6483.05,1883.4
324.8,17.7,97.04,4293.3,1775.56
235.1,15.19,97.34,7907.1,1822.64
169.45,13.08,98.01,6184.75,1923.12
185.44,15.14,97.48,7548.0,1861.56
131.75,13.25,96.87,7949.85,1926.4
159.83,13.47,96.7,7279.15,1896.52
302.18,14.73,96.8,5851.3,1815.12
422.95,21.49,97.12,5242.35,1724.44
341.57,22.77,96.58,7752.25,1739.92
252.78,15.55,96.94,9470.8,1803.96
324.02,18.59,97.49,5604.3,1795.68
145.01,12.94,97.86,8287.1,1921.88
170.88,13.2,97.3,7432.1,1869.6
233.02,13.87,97.41,7510.0,1867.04
368.61,20.35,96.89,6059.35,1771.8
129.02,12.85,97.71,6237.95,1929.72
289.7,20.46,96.34,8554.05,1761.24
402.41,18.17,96.32,5170.15,1758.96
365.23,16.76,97.07,4493.75,1767.96
398.38,22.27,96.55,6228.45,1707.84
165.94,14.91,97.07,9517.35,1868.96
334.81,20.99,96.92,6749.05,1772.04
316.61,13.87,96.58,5962.45,1797.68
348.72,22.03,96.52,7742.75,1725.48
226.91,12.9,96.44,7930.85,1863.4
335.46,20.31,97.43,6552.4,1775.4
174.0,15.14,97.47,8101.85,1861.48
325.06,18.1,96.95,5382.95,1804.2
317.78,21.88,96.13,8762.1,1760.4
324.02,14.92,97.09,5247.1,1779.68
364.71,18.24,97.41,5819.0,1738.48
305.82,19.18,96.99,6316.8,1782.52
127.33,12.96,97.68,7813.05,1931.36
209.62,13.5,97.13,7742.75,1857.96
313.23,18.57,96.8,8618.65,1763.64
373.29,20.94,96.33,6769.95,1730.08
280.86,18.24,97.24,5677.45,1808.84
201.17,13.03,97.95,7245.9,1858.08
390.32,20.84,96.82,4871.85,1767.96
381.35,22.52,96.94,5243.3,1767.68
264.35,15.7,97.11,7793.1,1839.88
221.97,14.35,96.89,9201.0,1869.12
318.82,19.3,96.58,6965.65,1764.72
355.35,22.17,96.92,6953.3,1747.6
287.75,18.44,97.42,6934.3,1817.68
204.68,13.0,97.04,5925.4,1871.8
437.12,22.8,96.14,4284.75,1747.0
295.16,14.88,96.28,8265.25,1765.84
132.66,12.39,96.89,6580.9,1916.72
69.61,13.36,97.18,8439.1,1936.92
344.3,13.87,96.59,5244.25,1790.96
314.14,15.29,96.21,7278.2,1764.32
73.9,11.06,97.67,8921.7,1942.68
350.02,22.09,96.44,8665.2,1732.12
344.56,23.18,97.49,6874.45,1763.72
111.99,12.8,97.99,9317.85,1903.08
155.93,12.85,97.69,5592.9,1912.24
165.03,12.82,97.84,7071.1,1908.04
192.59,11.26,97.91,7438.75,1863.4
141.5,16.32,98.3,8083.8,1877.04
158.4,12.96,97.73,6260.75,1909.48
305.17,15.86,96.76,7757.95,1777.88
197.53,12.71,97.59,6940.0,1875.64
184.79,13.84,97.86,6536.25,1855.4
338.84,20.84,96.88,6608.45,1801.16
388.24,22.46,95.97,7543.25,1739.12
197.01,14.92,96.9,6636.95,1851.08
391.75,22.96,96.74,5372.5,1747.44
136.95,12.27,97.74,6536.25,1904.48
213.13,15.39,98.3,7391.25,1836.2
335.46,22.46,96.08,8914.1,1733.16
220.93,14.26,96.76,9308.35,1828.44
142.67,12.49,98.26,9224.75,1880.84
341.7,15.18,96.8,3369.9,1780.2
337.41,19.39,97.72,5547.3,1784.24
115.63,12.49,98.3,9134.5,1908.84
418.66,21.89,96.68,3966.5,1729.92
347.55,18.33,97.01,6059.35,1779.92
373.55,21.6,96.75,4482.35,1713.84
153.85,12.74,98.43,7472.0,1910.12
178.29,12.04,97.31,5540.65,1870.04
272.8,20.56,97.1,5940.6,1810.76
277.74,13.17,97.1,6405.15,1852.6
139.55,11.64,97.12,6584.7,1895.52
204.03,12.9,96.37,9053.75,1871.0
319.08,18.59,97.55,6036.55,1789.68
156.32,12.92,97.49,7928.0,1923.12
231.2,13.97,97.77,7330.45,1836.0
403.58,20.38,96.61,5992.85,1763.2
143.58,11.75,96.77,9111.7,1896.44
271.76,17.83,97.46,7718.05,1819.56
156.84,12.66,97.48,9487.9,1899.04
209.75,12.2,97.36,6615.1,1847.92
337.41,13.71,96.44,6193.3,1780.36
181.28,12.51,97.52,7962.2,1895.36
312.45,18.48,96.84,8510.35,1751.96
438.29,22.41,97.2,4021.6,1749.2
417.23,21.21,96.71,4690.4,1769.6
308.81,20.14,97.39,4625.8,1793.28
251.48,15.55,96.88,9513.55,1809.8
373.68,20.92,97.12,4072.9,1743.16
84.95,12.73,97.95,8419.15,1934.96
345.08,18.46,97.11,6837.4,1791.92
134.22,12.93,97.29,8271.9,1929.96
203.12,12.32,97.09,7057.8,1884.16
323.37,15.45,97.46,6086.9,1810.68
320.51,18.57,96.99,7396.0,1760.96
302.18,20.44,96.25,6770.9,1747.24
148.52,12.49,98.25,8976.8,1880.36
446.22,22.9,97.36,2680.2,1716.92
225.48,19.49,97.4,7328.55,1821.56
370.04,22.53,97.02,5965.3,1741.0
308.29,18.18,97.54,6310.15,1775.84
290.22,17.56,96.91,7388.4,1775.52
95.61,12.88,96.87,9208.6,1943.84
280.08,23.93,96.52,7425.45,1747.84
363.93,21.4,97.07,7320.95,1758.24
290.61,17.94,97.2,8168.35,1800.64
250.7,17.75,97.38,8925.5,1810.68
395.39,20.87,96.47,5002.95,1709.52
324.67,22.17,96.95,7747.5,1738.24
167.89,13.71,96.56,8004.0,1885.16
362.63,22.63,96.13,8638.6,1752.64
387.85,21.51,96.84,6268.35,1756.28
253.17,13.44,97.03,4351.25,1858.2
316.35,18.04,97.5,6508.7,1768.0
244.46,18.53,96.8,8246.25,1812.72
192.2,13.15,97.32,7386.5,1864.24
248.88,16.37,97.39,6151.5,1838.04
121.35,13.44,97.51,9015.75,1921.56
174.39,12.3,97.3,7527.1,1901.08
198.31,16.79,97.47,6804.15,1856.48
338.06,18.59,97.53,4872.8,1784.76
164.51,12.85,97.67,4962.1,1900.36
116.41,12.85,97.74,6889.65,1941.8
144.62,13.96,97.2,6807.95,1912.32
280.08,15.7,97.19,6918.15,1828.44
242.12,15.35,97.22,7544.2,1861.52
119.79,12.88,98.0,8182.6,1920.48
112.9,11.32,97.78,7644.9,1931.4
296.2,21.78,96.64,8034.4,1765.16
294.64,18.16,97.19,6319.65,1791.2
241.73,19.18,97.0,8296.6,1828.52
402.93,23.65,96.77,6958.05,1726.84
312.19,18.14,97.47,6434.6,1776.44
195.32,16.65,97.39,5761.05,1857.72
251.35,20.14,97.56,6830.75,1816.4
356.13,19.63,97.43,4554.55,1775.4
314.27,17.96,97.43,5313.6,1792.52
305.95,18.14,96.92,7841.55,1795.84
277.61,13.89,96.6,7005.55,1818.04
201.17,13.44,97.34,5169.2,1872.48
301.79,12.83,96.09,3673.9,1804.96
118.36,12.51,98.76,7423.55,1916.44
334.81,13.97,96.75,5995.7,1774.52
222.23,14.35,96.96,9107.9,1842.6
266.95,18.08,97.19,8741.2,1780.4
254.08,19.43,97.52,8664.25,1803.04
166.85,13.6,97.15,8682.3,1902.08
218.07,16.32,98.13,5192.95,1842.92
226.39,18.05,96.99,8760.2,1846.92
333.64,22.22,96.12,8500.85,1735.08
162.3,13.93,97.65,7210.75,1857.44
221.84,16.45,97.21,7416.9,1830.16
145.4,12.57,96.93,8039.15,1917.84
382.91,22.25,96.75,5551.1,1764.2
352.75,21.34,97.17,5101.75,1743.28
229.51,12.66,95.99,6717.7,1850.24
367.57,22.46,96.03,8163.6,1731.36
340.53,20.45,97.41,5913.05,1755.28
265.91,13.17,97.08,7045.45,1850.0
325.32,22.17,96.94,7662.95,1743.16
123.56,12.95,97.78,9146.85,1907.76
408.91,21.79,96.57,6847.85,1736.84
135.26,12.93,97.49,7381.75,1923.52
331.43,17.57,97.12,6399.45,1771.04
135.52,12.4,97.35,7824.45,1927.52
329.09,22.55,96.93,7898.55,1754.4
428.15,21.78,96.52,4104.25,1733.28
339.36,22.22,96.18,8211.1,1736.08
153.72,12.66,98.03,8405.85,1915.72
84.69,12.74,98.3,8712.7,1940.2
92.62,11.32,97.76,8268.1,1941.72
352.75,13.46,97.03,8296.6,1726.8
248.49,14.44,96.56,7531.85,1807.96
185.96,13.55,97.83,8406.8,1850.8
372.38,19.44,97.0,6498.25,1767.32
176.73,14.26,96.69,8142.7,1857.4
399.03,21.61,96.5,5697.4,1761.44
169.45,13.8,97.25,8821.95,1898.84
128.89,12.57,97.52,8464.75,1941.0
170.62,12.91,97.9,5388.65,1907.52
378.49,15.51,96.44,4983.0,1750.4
279.43,18.32,97.17,8107.55,1789.08
433.35,23.02,96.39,4536.5,1750.2
437.51,20.43,96.88,4134.65,1725.44
120.18,12.57,97.51,8599.65,1917.2
305.17,21.51,96.87,7400.75,1778.08
242.25,18.53,96.79,8569.25,1830.0
321.42,18.36,96.27,8276.65,1767.52
382.52,18.52,97.31,4389.25,1766.72
203.51,12.12,96.17,7393.15,1868.96
200.91,12.45,97.07,8028.7,1890.24
322.72,14.88,96.19,6373.8,1767.12
145.92,12.69,97.32,5790.5,1875.4
171.01,12.95,97.19,8251.0,1887.72
103.15,12.81,98.37,7920.4,1911.32
129.67,10.91,98.42,7160.4,1920.52
330.0,21.41,96.75,7692.4,1758.52
367.57,21.78,96.59,4677.1,1745.84
116.93,11.75,96.76,7853.9,1913.52
205.33,13.23,97.05,8245.3,1894.12
396.17,23.36,96.51,5801.9,1743.72
275.01,15.89,97.17,8433.4,1808.88
403.71,21.89,96.67,4952.6,1726.12
286.71,19.22,96.63,8836.2,1788.4
283.07,15.89,97.13,8464.75,1815.8
338.06,19.44,97.17,7936.55,1761.52
211.7,12.5,96.55,7461.55,1867.0
344.95,19.46,97.03,7266.8,1769.92
215.08,16.11,97.11,7165.15,1857.36
122.52,12.53,98.03,7255.4,1899.28
327.4,18.46,97.62,5780.05,1769.0
201.56,13.64,97.4,7188.9,1885.44
136.56,13.03,97.13,6984.65,1915.68
183.49,13.03,96.98,4721.75,1864.76
176.86,13.98,98.08,8364.05,1890.72
214.17,15.68,97.34,8023.95,1859.56
180.76,12.94,97.22,6381.4,1848.04
210.27,15.76,97.23,9495.5,1845.76
349.76,22.46,96.12,9066.1,1753.08
343.52,21.84,96.97,6555.25,1740.12
359.12,23.65,96.76,7748.45,1761.48
315.18,22.98,97.44,6791.8,1782.52
247.32,16.12,96.29,9495.5,1810.2
373.81,21.24,96.86,6838.35,1706.16
216.51,13.76,97.78,7815.9,1853.44
87.94,12.52,97.59,5724.0,1976.84
330.0,20.94,96.4,5432.35,1755.68
327.27,20.85,96.76,5843.7,1758.44
368.61,20.99,96.88,5316.45,1778.36
329.48,23.0,96.66,7654.4,1768.64
274.36,13.87,96.72,6899.15,1804.04
260.58,13.15,96.05,9101.25,1822.84
105.88,13.18,96.68,7919.45,1940.2
132.01,12.21,98.07,7230.7,1940.48
225.74,13.96,97.32,4923.15,1862.08
362.63,21.89,96.77,7312.4,1726.68
328.05,21.01,96.5,6500.15,1775.64
154.11,12.58,96.4,7358.0,1922.76
273.45,15.02,96.67,8651.9,1794.4
426.07,22.75,96.68,5808.55,1729.68
168.54,12.42,97.55,6108.75,1882.52
313.36,21.64,96.88,7167.05,1759.0
132.01,10.91,98.43,7128.1,1915.04
251.22,14.85,96.38,7471.05,1825.76
426.33,20.85,96.69,5321.2,1712.4
76.24,12.52,97.69,6238.9,1988.04
303.87,21.1,96.51,7378.9,1791.68
122.65,12.7,97.32,7175.6,1951.2
170.23,13.41,97.02,5959.6,1906.52
100.94,12.87,97.41,9152.55,1947.92
314.14,18.16,97.34,5985.25,1780.16
354.44,24.42,96.5,8906.5,1744.08
73.25,13.36,97.16,8523.65,1916.12
315.05,22.77,96.82,7863.4,1771.64
374.33,20.57,96.66,5508.35,1767.08
95.09,12.1,97.51,5826.6,1934.48
231.85,15.39,98.31,6338.65,1823.68
265.13,21.09,97.03,6606.55,1823.0
287.88,14.88,96.39,8201.6,1784.08
181.28,12.74,98.16,6047.0,1908.56
123.56,12.96,97.6,7534.7,1936.8
350.54,18.32,97.23,6262.65,1762.84
179.07,13.87,97.41,7534.7,1903.8
207.67,16.11,97.15,7467.25,1829.28
427.5,22.6,97.24,5298.4,1715.52
336.11,17.57,97.09,6009.95,1766.52
356.91,22.96,96.83,5607.15,1766.88
154.11,8.11,96.66,9068.0,1883.04
197.53,13.11,97.49,6896.3,1886.64
130.06,12.8,97.68,9314.05,1874.36
338.19,15.18,96.82,3295.8,1764.48
94.18,12.85,97.74,7523.3,1965.92
324.28,16.06,97.22,6545.75,1795.28
207.15,12.39,96.36,8537.9,1872.32
167.63,15.45,96.69,8960.65,1816.36
292.56,21.41,96.79,8575.9,1742.68
144.88,13.87,97.4,7532.8,1939.16
142.28,12.96,97.72,7505.25,1922.32
445.96,23.88,96.83,5599.55,1737.04
220.54,13.9,97.86,7926.1,1840.48
188.04,12.53,97.32,7871.95,1882.32
389.28,22.77,96.59,5463.7,1736.36
264.35,18.04,97.5,8503.7,1793.4
122.0,13.44,97.75,7730.4,1929.36
336.63,22.57,96.51,9184.85,1753.28
101.2,12.81,97.92,7113.85,1952.24
260.84,20.98,96.15,6804.15,1814.88
247.84,19.13,97.71,7953.65,1818.0
132.92,12.72,97.93,7395.05,1915.08
184.53,12.56,97.15,8380.2,1861.92
258.24,12.42,96.07,5268.95,1833.64
245.89,18.88,97.71,7150.9,1823.88
244.2,15.55,96.96,9321.65,1820.12
117.97,12.81,98.35,7631.6,1913.8
80.14,12.69,97.41,8078.1,1941.52
183.88,14.02,98.07,7650.6,1883.96
449.34,23.92,96.88,6348.15,1733.4
349.24,22.42,96.64,8624.35,1738.24
115.89,13.44,97.02,7498.6,1925.32
373.29,20.98,96.64,4790.15,1735.64
448.17,21.05,96.73,3136.2,1729.76
255.77,15.55,96.86,9294.1,1805.84
159.05,13.12,97.54,8882.75,1874.0
315.18,20.46,96.38,8639.55,1733.68
374.2,22.98,97.15,4622.0,1773.92
291.26,14.58,97.21,5317.4,1812.68
165.29,12.46,97.05,6278.8,1922.28
289.31,21.34,97.19,6768.05,1764.88
117.19,12.49,98.13,9454.65,1908.16
197.14,16.79,97.45,6515.35,1860.0
334.68,18.52,97.28,6285.45,1763.92
276.44,17.86,97.04,8124.65,1808.48
172.7,13.52,97.36,5624.25,1862.04
305.04,22.93,96.8,7953.65,1756.44
256.55,12.42,96.14,4872.8,1826.16
111.08,12.39,96.93,8133.2,1932.12
120.05,12.82,97.82,8179.75,1950.6
334.03,20.14,97.57,5284.15,1763.88
274.88,13.87,97.46,5464.65,1853.04
248.1,16.32,98.17,5488.4,1837.24
159.44,12.69,97.77,8120.85,1885.24
98.47,12.74,97.29,8141.75,1953.6
127.46,12.92,98.56,8213.0,1904.0
165.55,12.72,97.64,9080.35,1871.84
196.36,12.2,97.4,7264.9,1864.72
108.74,12.38,97.6,7323.8,1924.12
123.04,12.51,98.75,7162.3,1911.76
105.23,11.92,97.82,7934.65,1936.12
386.42,21.78,96.62,5935.85,1739.28
353.66,19.99,95.88,6042.25,1715.04
131.75,16.32,98.28,7465.35,1898.64
150.99,12.85,97.67,5405.75,1908.4
93.92,12.82,97.82,8516.05,1964.84
356.65,23.1,96.26,7884.3,1739.28
241.99,18.19,97.32,6617.95,1841.48
197.4,13.33,97.65,7275.35,1854.16
203.25,13.41,97.0,3940.85,1873.92
196.1,12.74,98.25,4846.2,1896.4
193.11,12.37,96.94,6640.75,1874.36
148.52,13.02,97.96,7368.45,1913.8
303.61,13.24,97.08,6152.45,1871.8
391.75,22.55,96.92,6399.45,1739.52
402.41,22.41,97.16,7004.6,1754.68
98.86,12.8,98.2,9245.65,1909.6
371.73,21.51,96.87,4882.3,1774.88
220.54,14.35,96.85,9152.55,1859.04
415.67,18.17,96.22,4527.0,1767.08
383.69,21.72,96.78,6416.55,1752.6
257.2,19.89,97.76,7709.5,1820.36
310.24,15.25,96.15,6675.9,1787.88
252.26,14.74,96.59,7297.2,1817.32
390.71,22.6,96.5,6178.1,1722.12
374.85,21.27,97.1,3753.7,1752.84
369.91,22.8,97.0,6815.55,1720.48
318.3,20.92,97.07,6202.8,1766.32
319.6,17.86,97.1,6682.55,1792.48
413.07,21.38,96.66,5976.7,1748.04
279.82,15.13,97.76,8194.0,1806.4
303.09,15.86,96.75,7871.0,1779.28
312.06,21.09,97.11,4809.15,1794.2
80.53,11.24,97.01,8771.6,1942.64
121.87,11.5,98.46,6843.1,1929.12
129.41,12.45,97.1,8474.25,1877.08
99.38,11.32,97.86,7904.25,1939.32
390.45,22.36,96.3,6619.85,1743.68
321.16,18.14,97.44,6237.95,1776.12
348.46,18.28,97.08,6216.1,1780.76
384.47,20.21,97.17,4802.5,1782.96
402.15,21.51,96.86,4695.15,1723.24
310.24,20.04,97.35,5783.85,1787.64
344.56,23.18,97.49,6874.45,1763.72
426.85,20.43,96.93,4772.1,1724.96
343.78,20.1,97.19,5479.85,1783.2
272.02,18.32,97.19,7999.25,1786.64
155.67,12.51,97.27,8195.9,1902.84
249.53,16.12,96.31,9467.0,1808.48
312.84,18.28,96.89,7967.9,1766.76
76.63,12.81,97.93,8032.5,1972.36
319.08,20.02,97.17,5606.2,1774.28
265.52,15.32,97.78,7494.8,1803.52
186.09,12.56,97.13,8541.7,1870.88
142.41,12.96,96.24,6454.55,1907.4
172.57,11.51,97.12,8297.55,1905.52
364.06,22.23,96.59,6781.35,1720.04
100.16,12.88,96.83,9047.1,1933.4
323.63,20.04,97.38,5932.05,1794.84
396.69,22.09,96.36,6048.9,1729.0
266.56,20.28,96.81,7247.8,1794.84
300.75,21.78,96.64,7790.25,1764.64
140.46,13.64,97.38,8626.25,1904.16
346.9,18.92,97.04,5405.75,1799.2
215.08,13.04,96.59,7244.95,1818.56
78.06,12.91,97.81,8194.95,1968.32
337.28,23.18,97.49,6589.45,1773.8
321.55,18.58,97.51,7172.75,1771.96
344.43,22.45,96.8,6197.1,1744.76
416.71,21.47,97.17,3741.35,1710.4
319.86,19.12,97.96,5780.05,1801.44
93.27,12.5,97.64,7778.85,1928.32
222.36,13.93,96.61,5400.05,1818.56
222.88,14.94,97.08,6250.3,1830.24
283.2,14.88,96.38,8406.8,1785.8
411.51,21.24,96.77,5420.95,1706.92
363.28,20.18,96.9,6319.65,1763.56
340.27,20.65,96.63,7736.1,1768.0
253.69,12.74,96.32,8716.5,1836.32
335.46,20.92,96.93,7280.1,1740.28
220.54,14.26,96.79,9276.05,1836.2
140.07,12.79,98.05,8054.35,1921.0
313.75,21.05,97.11,7225.95,1771.44
396.82,20.81,96.5,5424.75,1712.64
203.51,12.85,96.73,7996.4,1873.04
285.15,13.87,96.46,6801.3,1792.36
166.07,15.45,96.6,8785.85,1878.72
322.07,16.06,97.27,5703.1,1795.8
424.51,22.05,96.64,5636.6,1723.88
206.24,16.65,97.37,6158.15,1855.76
398.12,20.52,97.54,5292.7,1745.08
139.94,12.78,97.87,9047.1,1870.84
284.11,21.6,96.97,8399.2,1765.0
190.9,13.08,97.78,6216.1,1890.28
198.18,11.86,96.87,8251.0,1875.84
201.56,12.81,98.27,6623.65,1847.32
257.2,13.23,97.11,5574.85,1844.04
316.61,19.8,96.87,8046.75,1780.48
304.52,17.7,96.93,6110.65,1773.04
336.76,22.02,96.81,7562.25,1743.68
310.37,14.74,96.68,6292.1,1791.88
377.71,20.38,96.63,7259.2,1743.92
353.4,20.99,96.91,5845.6,1796.4
326.75,21.34,97.18,5086.55,1758.12
98.47,12.92,97.56,8627.2,1950.4
360.81,23.36,96.46,6376.65,1747.56
299.58,20.99,97.52,8262.4,1730.08
380.7,18.52,97.36,4285.7,1767.48
124.99,11.71,97.27,6406.1,1929.32
359.9,17.56,96.97,3433.55,1765.04
304.39,20.04,97.39,6636.0,1796.36
159.31,12.66,97.64,8945.45,1900.16
86.64,13.41,97.16,8377.35,1953.68
331.3,13.63,96.9,4724.6,1784.96
365.23,19.22,96.49,6484.95,1748.36
179.98,12.92,97.68,6819.35,1874.6
145.66,12.96,96.32,6193.3,1906.76
443.23,21.49,97.1,4053.9,1732.96
411.51,22.63,96.21,6795.6,1726.28
299.58,19.62,97.11,7980.25,1782.64
293.21,18.58,97.56,8512.25,1778.24
321.42,15.55,96.34,7035.0,1786.32
405.53,22.09,96.67,7130.0,1727.12
305.17,18.78,97.27,6539.1,1806.24
340.01,18.32,97.25,6654.05,1759.56
183.62,13.61,98.22,8233.9,1865.96
383.17,21.79,96.62,7638.25,1762.36
269.42,18.44,97.29,7624.95,1819.16
119.53,13.9,98.01,8928.35,1921.96
172.44,13.91,97.61,4940.25,1881.48
146.57,12.74,98.26,7717.1,1917.92
153.46,12.6,96.96,7862.45,1919.8
185.05,14.92,96.92,7149.0,1854.56
204.42,11.6,96.62,8991.05,1863.32
201.43,14.0,97.21,6182.85,1848.64
306.47,15.45,97.24,6704.4,1809.32
320.25,15.73,96.71,5757.25,1780.2
76.11,12.69,97.61,7947.95,1931.24
139.03,11.75,96.69,9439.45,1901.64
309.07,19.68,96.87,8549.3,1770.76
334.42,21.64,96.5,7979.3,1738.36
178.68,12.39,96.85,8864.7,1892.56
293.99,14.58,97.1,5516.9,1798.08
332.6,18.26,97.5,5280.35,1781.64
436.6,22.66,96.42,4610.6,1757.48
412.29,18.17,96.25,4977.3,1763.16
323.37,20.18,96.96,8091.4,1772.2
301.92,19.06,96.88,4913.65,1775.88
158.01,12.5,97.83,8087.6,1906.96
392.66,21.42,96.83,6181.9,1775.4
293.47,19.39,97.69,6461.2,1817.12
387.85,22.75,96.86,6167.65,1757.44
127.85,12.21,98.01,7206.95,1939.64
139.16,13.11,95.75,9421.4,1893.64
268.77,20.08,97.11,7124.3,1787.08
287.75,14.03,97.2,4264.8,1816.36
386.94,22.53,96.95,5226.2,1786.68
84.82,12.32,96.93,8637.65,1948.76
259.8,18.26,97.51,8202.55,1801.92
54.66,11.14,97.42,8017.3,1961.16
182.45,12.28,97.09,7570.8,1892.64
332.34,19.39,97.73,5617.6,1782.48
265.13,14.03,97.2,3633.05,1820.84
257.72,18.52,97.25,6565.7,1816.56
271.63,19.43,97.4,8839.05,1788.44
242.38,18.24,97.0,8175.95,1809.36
187.13,13.32,98.56,6494.45,1869.6
260.71,18.73,97.48,8377.35,1784.48
119.92,13.25,96.84,8468.55,1931.32
331.95,22.6,96.58,8125.6,1748.6
129.15,12.7,97.6,6723.4,1950.36
362.11,21.72,96.82,7093.9,1778.0
381.87,16.76,97.07,3985.5,1775.4
349.89,20.18,97.21,4840.5,1775.56
71.3,11.17,98.38,7651.55,1964.84
181.28,12.72,97.37,7095.8,1902.04
213.0,13.41,97.03,3729.0,1869.04
352.36,22.96,96.83,6725.3,1772.72
183.62,14.02,98.18,8060.05,1872.16
254.34,15.54,96.45,9513.55,1783.24
249.53,16.12,96.43,9396.7,1807.88
164.38,12.95,97.26,8498.95,1889.52
123.69,12.51,98.73,7107.2,1898.88
343.0,21.47,97.28,6945.7,1739.0
310.24,20.43,96.93,5810.45,1777.84
226.52,17.31,97.76,6530.55,1854.92
241.73,12.36,96.8,6742.4,1851.92
312.19,22.45,97.03,8441.95,1755.8
378.23,19.91,96.5,6501.1,1748.4
319.47,20.14,97.62,5756.3,1780.68
307.25,18.46,97.61,6313.0,1781.92
172.05,12.5,97.35,6545.75,1859.96
251.48,13.87,97.42,6840.25,1852.84
194.41,13.04,96.6,7875.75,1833.84
113.03,12.64,97.73,7432.1,1911.88
360.55,23.88,97.49,6974.2,1755.44
343.65,14.36,96.94,5253.75,1808.44
373.81,22.36,96.35,5089.4,1770.48
135.78,12.38,97.79,6606.55,1918.4
359.38,19.63,97.19,6330.1,1749.04
324.15,17.75,97.31,5937.75,1794.2
220.67,12.36,96.63,6710.1,1861.76
215.34,13.7,97.91,7696.2,1848.24
326.62,18.26,97.02,7054.0,1766.44
135.91,12.92,97.72,6705.35,1927.16
189.08,12.77,96.89,7876.7,1889.6
144.36,12.74,97.41,7629.7,1903.56
322.72,18.26,97.49,5842.75,1788.28
269.16,12.42,96.09,4917.45,1840.2
239.0,16.12,96.19,9513.55,1808.4
224.31,16.11,97.06,6809.85,1846.24
222.23,13.4,96.61,7163.25,1865.36
233.41,13.72,97.31,6916.25,1843.92
413.2,21.6,96.97,6180.95,1738.68
161.52,13.2,97.7,8998.65,1866.44
380.18,20.87,96.48,5438.05,1736.88
210.4,16.65,97.35,6510.6,1857.36
275.66,16.35,96.28,7549.9,1803.36
375.5,22.96,96.79,5114.1,1784.52
77.28,14.26,96.54,9170.6,1911.44
363.02,20.98,96.65,5364.9,1737.0
413.2,20.46,96.23,5489.35,1708.64
231.2,13.87,97.63,5760.1,1877.04
300.62,17.94,97.29,7565.1,1796.44
431.53,23.65,96.74,5052.35,1727.12
105.36,12.84,98.19,9196.25,1918.36
146.7,12.7,97.42,6188.55,1934.6
320.51,19.67,97.14,5808.55,1806.04
288.92,17.15,97.66,5911.15,1824.96
362.5,20.97,96.85,6981.8,1728.6
334.94,22.9,97.42,7732.3,1746.64
286.06,15.13,97.73,8088.55,1799.08
338.71,22.93,96.84,6547.65,1766.92
202.47,12.93,96.94,8523.65,1886.64
258.63,20.45,97.3,7676.25,1797.16
258.5,16.32,98.2,4774.95,1834.04
165.29,12.28,96.99,7605.95,1910.96
351.32,18.11,96.64,7194.6,1762.28
242.51,15.93,96.85,8402.05,1846.64
314.53,18.52,97.48,5957.7,1806.32
267.34,13.57,97.1,3725.2,1856.2
229.77,16.32,98.16,5925.4,1873.92
273.71,21.51,96.86,8943.55,1800.0
139.55,12.45,97.12,9009.1,1913.56
354.44,18.95,96.74,5824.7,1765.52
220.54,11.9,98.05,5718.3,1861.12
296.59,19.63,96.8,7155.65,1776.4
162.04,12.57,97.42,8775.4,1901.28
187.39,15.45,96.51,8555.95,1859.84
184.27,14.02,98.18,8019.2,1883.2
239.52,13.96,97.54,6303.5,1849.52
313.36,18.09,97.39,6766.15,1793.52
250.31,13.72,97.13,6539.1,1810.6
143.19,13.76,97.6,8579.7,1913.76
247.84,18.24,97.45,7328.55,1816.4
343.78,18.08,97.04,5250.9,1810.88
266.43,13.11,96.89,5734.45,1861.52
366.27,21.27,97.08,4347.45,1745.24
246.8,18.53,96.81,8282.35,1820.76
262.14,19.43,97.64,7452.05,1798.36
414.89,21.78,96.56,4758.8,1732.36
194.41,13.95,98.04,8289.0,1863.32
120.05,12.63,98.24,7644.9,1972.24
265.0,19.49,97.46,5999.5,1803.72
165.42,12.53,97.34,8769.7,1888.68
185.18,12.75,96.71,7833.0,1886.48
304.39,16.83,97.22,7128.1,1820.08
225.22,15.68,97.61,8955.9,1847.56
207.02,12.29,96.79,6768.05,1849.24
109.91,12.8,98.02,9267.5,1901.36
123.04,13.25,96.88,8113.25,1930.84
385.12,19.8,96.95,6098.3,1766.16
352.36,20.18,97.22,4945.95,1774.92
306.99,19.49,97.05,7139.5,1771.0
262.27,13.97,96.7,6909.6,1827.36
339.36,15.45,97.38,5714.5,1814.32
107.83,11.84,97.78,5800.0,1938.96
162.43,12.85,97.68,5951.05,1907.12
229.9,18.08,97.32,8286.15,1824.52
299.84,18.15,96.83,7871.0,1780.44
279.56,19.57,97.2,7739.9,1788.6
177.25,13.98,98.1,8492.3,1881.72
287.1,19.83,97.27,6971.35,1799.04
312.58,23.76,96.68,8110.4,1746.52
205.46,12.45,97.08,7941.3,1884.6
387.85,20.97,96.59,3121.95,1735.12
278.13,18.19,97.21,5876.0,1820.52
142.67,12.96,97.72,7023.6,1913.2
398.9,22.67,96.52,5242.35,1768.16
403.71,23.88,97.3,5863.65,1748.84
424.64,23.1,96.1,5941.55,1738.68
339.49,20.46,96.82,5322.15,1753.28
376.8,21.87,96.2,5546.35,1777.04
197.92,12.17,97.16,6585.65,1876.32
284.37,21.6,96.73,8768.75,1777.16
162.56,11.98,97.15,8573.05,1889.76
203.12,14.26,96.77,8170.25,1830.32
193.63,13.33,97.5,7790.25,1858.48
171.4,13.97,96.6,6332.0,1872.8
383.56,20.85,96.64,4456.7,1734.84
130.32,12.67,97.96,7473.9,1938.56
123.43,12.69,97.79,8261.45,1911.48
390.06,22.04,96.91,6002.35,1759.2
322.46,17.7,96.95,5317.4,1780.76
179.46,12.78,97.99,7214.55,1838.96
237.18,16.37,97.34,6464.05,1834.68
95.87,12.52,97.26,5169.2,1965.44
348.59,15.93,96.48,6795.6,1769.04
314.92,18.46,97.65,5666.05,1772.76
164.77,13.15,97.41,7902.35,1880.0
251.48,14.85,96.47,7187.95,1822.4
218.46,12.67,97.76,4813.9,1893.68
272.8,13.87,97.52,4599.2,1869.8
178.55,12.39,96.83,8868.5,1891.76
413.46,21.24,96.76,5435.2,1708.92
290.87,13.24,96.98,7038.8,1831.6
194.15,13.95,98.08,8327.0,1865.56
360.94,21.32,96.32,7046.4,1742.88
253.95,13.97,96.78,7084.4,1809.36
239.13,13.76,97.62,5298.4,1830.44
149.17,13.23,97.2,8821.95,1918.48
344.69,17.7,97.02,4354.1,1771.4
176.73,12.86,97.42,7044.5,1902.04
326.62,18.32,97.29,7095.8,1754.96
266.43,15.73,96.7,8862.8,1794.68
341.18,18.48,96.81,7030.25,1749.24
238.22,19.13,97.71,7856.75,1819.2
239.13,19.18,96.99,8487.55,1809.56
153.46,12.91,97.91,5723.05,1921.92
363.54,22.09,96.68,8364.05,1727.12
391.62,17.57,96.56,3986.45,1760.04
175.95,12.73,98.1,7566.05,1854.2
299.84,15.73,96.71,6683.5,1795.76
159.18,12.66,97.71,8692.75,1898.24
354.05,21.45,96.17,7729.45,1711.32
127.85,13.55,97.63,8012.55,1909.4
302.44,18.26,96.96,8263.35,1766.0
312.45,20.31,97.69,7434.95,1776.6
253.95,17.46,97.72,7994.5,1830.6
301.4,22.45,96.99,8704.15,1756.92
304.0,15.35,97.2,6339.6,1822.76
288.92,18.16,97.19,6623.65,1785.64
198.05,12.71,97.26,6905.8,1882.2
117.32,12.07,97.41,6277.85,1942.8
211.96,12.67,97.8,5089.4,1885.88
360.55,18.72,96.73,6423.2,1745.56
78.84,12.73,97.95,8612.0,1955.32
325.06,20.99,96.86,7147.1,1799.32
223.92,17.31,97.75,6690.15,1753.56
250.7,18.52,97.37,6786.1,1811.0
139.42,11.75,96.85,9083.2,1901.32
374.33,22.75,96.84,6853.55,1761.8
113.81,12.78,97.89,8177.85,1909.08
348.85,22.8,97.16,5866.5,1737.64
289.31,20.56,97.09,5457.05,1819.48
312.45,22.09,96.46,8877.05,1741.44
234.58,19.13,97.68,8203.5,1813.12
172.96,12.3,97.23,8392.55,1884.32
427.5,21.91,96.25,4166.0,1739.8
266.43,15.86,96.62,8750.7,1801.12
212.22,13.03,98.03,6386.15,1854.76
132.14,13.08,98.02,7134.75,1941.12
328.05,20.87,96.45,6137.25,1785.72
278.65,18.0,97.1,6307.3,1795.64
259.15,12.32,97.14,5497.9,1862.44
222.62,12.25,96.43,6766.15,1846.88
344.17,18.57,96.89,5788.6,1788.52
177.12,12.25,97.41,8237.7,1902.92
345.21,15.08,96.14,5838.95,1764.44
83.52,12.84,98.44,8213.0,1926.56
339.75,18.78,97.25,5068.5,1779.92
168.93,12.97,97.74,8097.1,1858.44
295.55,17.83,97.54,6482.1,1819.96
247.06,20.14,97.59,6977.05,1812.76
374.46,22.52,96.94,5963.4,1758.0
194.15,13.32,98.39,6335.8,1836.08
234.84,16.45,97.1,7870.05,1832.44
196.36,12.75,96.79,7698.1,1884.2
224.7,13.96,97.56,6864.95,1872.2
325.32,18.14,96.8,7031.2,1782.04
367.44,21.18,96.61,7194.6,1745.16
408.65,19.31,96.76,5255.65,1771.68
179.46,12.6,96.93,7320.0,1895.28
136.43,13.25,96.84,7805.45,1939.24
363.41,20.99,96.86,5312.65,1783.84
171.53,14.15,97.31,7602.15,1882.08
374.07,20.15,97.23,6320.6,1760.12
167.63,13.6,97.11,8702.25,1892.84
266.82,14.4,97.11,7927.05,1818.4
314.92,15.26,97.17,4789.2,1793.36
124.73,12.42,97.69,7076.8,1920.84
155.28,12.28,96.93,7799.75,1915.84
118.36,12.72,98.04,7402.65,1946.2
342.61,13.46,96.99,8434.35,1744.32
273.32,19.06,97.07,9502.15,1793.56
351.19,22.77,96.59,7462.5,1742.0
276.96,21.51,96.91,8139.85,1756.84
223.66,14.74,96.84,8410.6,1803.28
222.75,11.6,96.49,8287.1,1861.72
403.45,20.05,97.05,4025.4,1752.16
215.86,15.76,97.21,9513.55,1824.76
158.01,12.32,97.08,8156.0,1919.04
199.35,13.32,98.42,6342.45,1862.24
382.78,19.99,95.99,5901.65,1725.96
293.73,21.41,96.79,9205.75,1765.56
299.19,18.19,97.15,5388.65,1810.64
82.74,12.38,97.48,8066.7,1933.68
296.98,18.05,96.95,6706.3,1798.84
402.67,21.51,96.84,4808.2,1721.52
112.51,12.71,97.74,8184.5,1944.88
395.78,21.24,96.59,6890.6,1752.56
127.33,12.63,98.24,7556.55,1976.52
180.24,12.3,97.23,7723.75,1887.64
413.98,23.65,96.75,5667.95,1747.24
358.6,18.42,97.0,5395.3,1765.52
132.01,12.93,97.52,7439.7,1931.96
407.09,22.05,96.69,5559.65,1716.28
428.41,20.22,96.91,4400.65,1767.24
358.34,18.92,97.02,4385.45,1803.8
237.7,20.81,96.3,8516.05,1803.92
373.94,22.22,95.81,7020.75,1733.08
113.68,12.7,97.27,7001.75,1961.4
401.11,21.75,96.9,4464.3,1782.56
203.64,13.61,98.12,7722.8,1858.76
265.13,18.46,97.64,7996.4,1798.56
351.84,19.62,96.79,6802.25,1763.76
326.49,21.22,96.2,6316.8,1756.72
120.7,11.37,97.12,8493.25,1921.12
104.97,13.41,97.23,8101.85,1950.84
153.98,12.23,96.83,9519.25,1887.2
182.32,10.71,97.57,5914.0,1883.44
297.5,18.36,96.64,8899.85,1785.88
196.49,12.6,96.92,6199.0,1885.12
320.12,21.97,96.83,8663.3,1756.0
376.02,18.0,97.17,4698.0,1762.12
294.25,13.64,97.34,5009.6,1852.72
289.7,17.83,97.5,6359.55,1804.8
253.43,13.96,97.25,4361.7,1863.64
267.47,19.18,96.94,8525.55,1779.32
208.58,13.7,97.83,8423.9,1875.28
332.08,16.76,97.06,5516.9,1772.96
129.41,16.32,97.94,7168.0,1888.72
401.63,18.37,96.92,5889.3,1752.68
125.38,12.38,97.83,8040.1,1926.52
384.73,22.18,97.07,6830.75,1743.56
243.16,20.28,97.07,8248.15,1807.0
334.03,20.18,96.92,7577.45,1768.84
354.05,20.56,96.53,6598.0,1758.04
203.77,13.96,97.62,7003.65,1858.28
340.4,20.11,96.75,4971.6,1807.0
195.71,13.18,96.56,6196.15,1881.08
327.79,19.22,96.83,6672.1,1773.8
213.0,13.97,97.77,7689.55,1851.0
219.11,13.97,96.82,7795.95,1843.76
380.83,21.72,96.79,6417.5,1764.76
344.69,22.46,96.1,8746.9,1746.36
302.7,15.29,96.22,7695.25,1772.08
257.33,14.49,97.11,8201.6,1815.4
159.96,12.66,97.45,9511.65,1894.8
402.93,21.24,96.76,5246.15,1721.4
349.5,20.31,97.46,5832.3,1765.6
291.39,19.91,96.56,7201.25,1768.68
279.56,15.24,97.84,5030.5,1832.68
276.18,19.62,96.69,9203.85,1766.68
346.25,18.81,96.95,6770.9,1750.76
312.71,22.17,96.93,8597.75,1748.76
184.79,12.87,95.3,8929.3,1869.8
230.55,13.36,97.24,7050.2,1865.64
264.22,13.89,96.34,7460.6,1827.32
292.04,14.18,97.18,7197.45,1831.84
205.33,13.93,96.61,6196.15,1832.32
196.62,13.33,97.52,7281.05,1859.44
334.03,18.95,96.76,6019.45,1753.12
83.65,12.84,98.43,8263.35,1929.08
338.19,21.97,96.83,8324.15,1740.04
262.66,13.0,97.08,4937.4,1832.48
147.09,12.27,97.68,6174.3,1898.08
378.23,21.99,96.38,6760.45,1733.2
377.06,21.41,96.79,5906.4,1755.08
303.87,18.78,97.29,6641.7,1803.8
332.73,15.45,97.4,6003.3,1808.0
237.96,15.7,97.06,8840.0,1832.36
404.88,22.45,96.81,4795.85,1728.92
412.29,20.05,97.0,3483.9,1748.08
311.41,19.74,97.81,6483.05,1805.32
167.5,14.15,97.35,7872.9,1883.76
283.2,22.98,97.23,7685.75,1741.36
216.25,18.16,97.36,8224.4,1830.96
382.13,21.6,96.57,5757.25,1721.92
169.84,13.61,97.37,8259.55,1892.2
307.38,18.24,97.45,7252.55,1766.48
390.97,14.88,96.17,4257.2,1757.36
245.89,15.19,97.2,7062.55,1815.92
120.44,11.5,98.33,7240.2,1925.8
119.01,13.25,96.88,8249.1,1881.4
329.48,18.75,97.56,5658.45,1774.44
85.47,12.89,96.13,8441.0,1945.32
108.22,13.6,97.61,5652.75,1924.2
350.28,20.18,97.05,6108.75,1779.64
165.55,12.74,98.4,6910.55,1912.52
431.01,22.36,96.24,5027.65,1740.36
271.76,13.64,97.35,6474.5,1860.72
188.3,13.32,98.36,6393.75,1869.4
439.33,23.88,96.85,5678.4,1736.6
335.72,18.88,97.05,8331.75,1772.08
192.98,14.26,96.66,8501.8,1839.76
185.44,12.32,97.19,7650.6,1890.56
48.03,12.33,98.1,8014.45,1953.76
197.01,15.24,97.78,7630.65,1875.88
171.92,12.36,96.95,8541.7,1877.88
104.32,12.85,97.73,7143.3,1959.12
330.26,14.74,96.64,5744.9,1791.48
136.95,12.99,97.35,9258.0,1860.56
393.18,21.3,96.78,5825.65,1759.0
300.75,18.14,96.95,8029.65,1787.68
292.95,13.63,96.89,5712.6,1798.84
304.39,18.21,96.99,7722.8,1784.4
204.81,15.68,97.64,9334.0,1858.4
132.66,12.49,98.16,9285.55,1892.84
194.28,13.03,98.07,8114.2,1862.2
143.71,12.67,97.94,7407.4,1934.44
269.68,17.46,97.75,6936.2,1826.36
359.77,20.7,97.17,3178.95,1754.04
181.15,13.4,96.6,9272.25,1888.28
214.69,12.5,96.55,7651.55,1866.0
286.71,18.75,97.54,7759.85,1774.32
299.58,18.88,97.66,5270.85,1799.72
105.23,12.71,97.87,9075.6,1890.52
221.06,16.79,97.54,6062.2,1843.36
383.56,22.42,96.82,7624.95,1744.6
331.95,21.05,97.11,6874.45,1768.84
200.91,15.76,97.21,9516.4,1862.48
78.58,12.69,97.35,8077.15,1945.72
219.76,16.45,97.24,7302.9,1836.24
358.99,22.03,96.51,7409.3,1714.56
270.85,21.34,97.05,8726.95,1772.32
153.46,12.96,97.75,6804.15,1915.0
135.39,13.62,96.95,9209.55,1898.04
435.95,21.05,97.08,4936.45,1720.56
189.86,11.86,96.93,8411.55,1889.2
306.73,18.05,96.91,7067.3,1797.36
331.82,15.21,96.6,7511.9,1759.12
241.99,18.78,97.43,7495.75,1827.12
345.47,22.63,96.03,8732.65,1738.36
339.36,20.56,96.59,6573.3,1764.88
222.23,14.35,97.01,9182.0,1838.6
245.63,15.77,97.09,7862.45,1841.44
390.32,21.35,97.01,4246.75,1719.76
150.47,12.69,97.78,8031.55,1896.44
397.34,20.97,96.76,6090.7,1714.52
64.67,12.3,96.9,6824.1,1984.6
55.96,12.89,95.84,9054.7,1954.4
97.17,13.44,97.54,8780.15,1945.16
433.48,20.99,96.85,4026.35,1779.28
368.22,15.25,96.29,3373.7,1752.0
356.52,22.6,96.53,7362.75,1729.4
336.11,18.48,96.83,7337.1,1764.36
156.71,13.88,97.55,8795.35,1876.84
412.29,22.41,97.2,4686.6,1758.96
279.04,13.71,96.65,6894.4,1803.4
291.91,18.18,97.54,7208.85,1774.6
291.39,19.94,97.54,7244.0,1806.0
219.24,15.18,96.99,6100.2,1839.68
67.53,13.36,97.18,8264.3,1924.2
249.14,16.76,97.0,8483.75,1797.16
354.7,23.88,97.5,7185.1,1741.72
314.66,15.18,96.86,4227.75,1792.4
102.11,12.52,97.31,4783.5,1963.36
